【整租】常营 水乡公寓1 1室0厅,水乡公寓1,900元/月,http://bj.58.com/pinpaigongyu/29426026229582x.shtml
【整租】朝阳公园 京东水乡公寓 1室0厅,京东水乡公寓,1000元/月,http://bj.58.com/pinpaigongyu/29636929065404x.shtml
【整租】常营 水乡公寓1 1室0厅,水乡公寓1,900元/月,http://bj.58.com/pinpaigongyu/29392279371180x.shtml
【合租】回龙观 龙博苑二区 3室次卧,龙博苑二区,900元/月,http://bj.58.com/pinpaigongyu/29624533607481x.shtml
【整租】常营 水乡公寓 1室0厅,水乡公寓,900元/月,http://bj.58.com/pinpaigongyu/29515078911542x.shtml
【合租】常营 水乡公寓2 1室主卧,水乡公寓2,900元/月,http://bj.58.com/pinpaigongyu/29382077173071x.shtml
【整租】十里堡 京东水乡公寓 1室0厅,京东水乡公寓,1000元/月,http://bj.58.com/pinpaigongyu/29526647671610x.shtml
【合租】回龙观 龙博苑二区 3室次卧,龙博苑二区,800元/月,http://bj.58.com/pinpaigongyu/29657605943087x.shtml
【合租】沙河 兆丰家园东区 3室次卧,兆丰家园东区,999元/月,http://bj.58.com/pinpaigongyu/29559849769385x.shtml
【整租】回龙观 龙博苑二区 4室1厅,龙博苑二区,900元/月,http://bj.58.com/pinpaigongyu/29604429190697x.shtml
【整租】沙河 兆丰家园西区 1室0厅,兆丰家园西区,699元/月,http://bj.58.com/pinpaigongyu/28320830251435x.shtml
【整租】沙河 高教大楼 1室0厅,高教大楼,700元/月,http://bj.58.com/pinpaigongyu/29315135119933x.shtml
【整租】沙河 高教大楼 1室0厅,高教大楼,700元/月,http://bj.58.com/pinpaigongyu/29481406772925x.shtml
【整租】沙河 巩华城站 1室0厅,巩华城站,699元/月,http://bj.58.com/pinpaigongyu/28308824826572x.shtml
【整租】沙河 高教大楼 1室0厅,高教大楼,700元/月,http://bj.58.com/pinpaigongyu/29448075033029x.shtml
【整租】沙河 兆丰家园西区 1室0厅,兆丰家园西区,699元/月,http://bj.58.com/pinpaigongyu/28243832477891x.shtml
【整租】西二旗 高教大楼五区 1室1厅,高教大楼五区,700元/月,http://bj.58.com/pinpaigongyu/29425840199241x.shtml
【合租】梨园 葛布店东里 4室次卧,葛布店东里,700元/月,http://bj.58.com/pinpaigongyu/29281531715388x.shtml
【整租】西二旗 西二旗 1室0厅,西二旗,699元/月,http://bj.58.com/pinpaigongyu/28231274469448x.shtml
【合租】梨园 葛布店东里 3室次卧,葛布店东里,900元/月,http://bj.58.com/pinpaigongyu/29281561635664x.shtml
【整租】朝青板块 水乡公寓 1室0厅,水乡公寓1,900元/月,http://bj.58.com/pinpaigongyu/29525694972729x.shtml
【合租】回龙观 紫金新干线四区 3室次卧,京东水乡公寓,900元/月,http://bj.58.com/pinpaigongyu/29604670849581x.shtml
【合租】回龙观 龙博苑二区 3室次卧,水乡公寓1,900元/月,http://bj.58.com/pinpaigongyu/29624553707961x.shtml
【整租】东坝 水乡公寓2 1室0厅,龙博苑二区,900元/月,http://bj.58.com/pinpaigongyu/29381983306670x.shtml
【整租】常营 京东水乡公寓 1室0厅,水乡公寓,900元/月,http://bj.58.com/pinpaigongyu/29426468771881x.shtml
【整租】团结湖 水乡公寓 1室0厅,水乡公寓2,900元/月,http://bj.58.com/pinpaigongyu/29527001641390x.shtml
【合租】常营 水乡公寓 1室主卧,京东水乡公寓,900元/月,http://bj.58.com/pinpaigongyu/29459769262784x.shtml
【整租】东坝 水乡公寓2 1室0厅,龙博苑二区,800元/月,http://bj.58.com/pinpaigongyu/29241256879284x.shtml
【整租】常营 京东水乡公寓 1室0厅,兆丰家园东区,1000元/月,http://bj.58.com/pinpaigongyu/29636837187243x.shtml
【整租】呼家楼 水乡公寓 1室0厅,龙博苑二区,800元/月,http://bj.58.com/pinpaigongyu/29339669762895x.shtml
【整租】龙泽 龙泽苑 1室0厅,兆丰家园西区,699元/月,http://bj.58.com/pinpaigongyu/28231212143037x.shtml
【整租】玉桥 玉桥西里70号院 3室0厅,高教大楼,650元/月,http://bj.58.com/pinpaigongyu/29639984589748x.shtml
【整租】沙河 南邵 1室0厅,高教大楼,699元/月,http://bj.58.com/pinpaigongyu/28320865196230x.shtml
【整租】沙河 巩华城站 1室0厅,巩华城站,699元/月,http://bj.58.com/pinpaigongyu/28186943681717x.shtml
【整租】西二旗 西二旗 1室0厅,高教大楼,699元/月,http://bj.58.com/pinpaigongyu/28231157447625x.shtml
【整租】沙河 生命科学园 1室0厅,兆丰家园西区,699元/月,http://bj.58.com/pinpaigongyu/28220294102444x.shtml
【整租】霍营 霍营 1室0厅,高教大楼五区,699元/月,http://bj.58.com/pinpaigongyu/28164845310505x.shtml
【整租】沙河 高教大楼 1室0厅,葛布店东里,700元/月,http://bj.58.com/pinpaigongyu/29471800216650x.shtml
【合租】梨园 葛布店东里 4室主卧,西二旗,600元/月,http://bj.58.com/pinpaigongyu/29281524360895x.shtml
【整租】西北旺 颐和山庄紫霄园 1室0厅,葛布店东里,1000元/月,http://bj.58.com/pinpaigongyu/29595238371519x.shtml
【整租】呼家楼 水乡公寓 1室0厅,水乡公寓,800元/月,http://bj.58.com/pinpaigongyu/29339669762895x.shtml
【合租】回龙观 龙博苑二区 4室次卧,紫金新干线四区,900元/月,http://bj.58.com/pinpaigongyu/29604367351228x.shtml
【整租】国贸 京东水乡公寓 1室0厅,龙博苑二区,1000元/月,http://bj.58.com/pinpaigongyu/29526577977393x.shtml
【合租】回龙观 龙博苑二区 3室次卧,水乡公寓2,900元/月,http://bj.58.com/pinpaigongyu/29624522495422x.shtml
【整租】国贸 京东水乡公寓 1室0厅,京东水乡公寓,1000元/月,http://bj.58.com/pinpaigongyu/29536422446526x.shtml
【整租】东坝 京东水乡公寓 1室0厅,水乡公寓,1000元/月,http://bj.58.com/pinpaigongyu/29537094452536x.shtml
【整租】东坝 水乡公寓2 1室0厅,水乡公寓,800元/月,http://bj.58.com/pinpaigongyu/29215470948535x.shtml
【整租】十里堡 水乡公寓 1室0厅,水乡公寓2,900元/月,http://bj.58.com/pinpaigongyu/29514342878148x.shtml
【合租】回龙观 龙博苑二区 3室次卧,京东水乡公寓,900元/月,http://bj.58.com/pinpaigongyu/29624507079732x.shtml
【整租】常营 水乡公寓1 1室0厅,水乡公寓,900元/月,http://bj.58.com/pinpaigongyu/29226982112314x.shtml
【合租】果园 翠屏北里东区 2室次卧,龙泽苑,800元/月,http://bj.58.com/pinpaigongyu/29407341736504x.shtml
【整租】沙河 高教大楼 1室0厅,玉桥西里70号院,700元/月,http://bj.58.com/pinpaigongyu/29360133460017x.shtml
【整租】西北旺 宏丰西路1号院 1室0厅,南邵,1000元/月,http://bj.58.com/pinpaigongyu/29595102755149x.shtml
【整租】万泉河 颐丰庄园 1室0厅,巩华城站,1000元/月,http://bj.58.com/pinpaigongyu/29596666791504x.shtml
【整租】沙河 高教大楼 1室0厅,西二旗,800元/月,http://bj.58.com/pinpaigongyu/29250752606408x.shtml
【整租】沙河 高教大楼 1室0厅,生命科学园,700元/月,http://bj.58.com/pinpaigongyu/29315207288516x.shtml
【整租】西北旺 百旺茉莉园一期 1室0厅,霍营,1000元/月,http://bj.58.com/pinpaigongyu/29595177236411x.shtml
【合租】裕龙 滨河小区(顺义) 3室次卧,高教大楼,950元/月,http://bj.58.com/pinpaigongyu/29616822315179x.shtml
【整租】沙河 巩华城公寓 1室0厅,葛布店东里,699元/月,http://bj.58.com/pinpaigongyu/28243873724872x.shtml
【整租】沙河 高教大楼 1室0厅,颐和山庄紫霄园,700元/月,http://bj.58.com/pinpaigongyu/29295936216517x.shtml
【合租】回龙观 龙博苑二区 3室次卧,水乡公寓1,800元/月,http://bj.58.com/pinpaigongyu/29657645210436x.shtml
【合租】回龙观 龙博苑二区 3室次卧,京东水乡公寓,800元/月,http://bj.58.com/pinpaigongyu/29657622317103x.shtml
【整租】十里堡 水乡公寓1 1室0厅,水乡公寓1,1000元/月,http://bj.58.com/pinpaigongyu/29248540417339x.shtml
【整租】呼家楼 京东水乡公寓 1室0厅,龙博苑二区,1000元/月,http://bj.58.com/pinpaigongyu/29536572170666x.shtml
【合租】常营 水乡公寓 1室主卧,水乡公寓,850元/月,http://bj.58.com/pinpaigongyu/29483017470407x.shtml
【整租】朝青板块 水乡公寓 1室0厅,水乡公寓2,900元/月,http://bj.58.com/pinpaigongyu/29426584522926x.shtml
【合租】回龙观 龙博苑二区 3室次卧,京东水乡公寓,800元/月,http://bj.58.com/pinpaigongyu/29657651600065x.shtml
【整租】常营 水乡公寓 1室0厅,龙博苑二区,900元/月,http://bj.58.com/pinpaigongyu/29640923939005x.shtml
【合租】次渠 润枫领尚 5室主卧,兆丰家园东区,880元/月,http://bj.58.com/pinpaigongyu/29506200119722x.shtml
【合租】国贸 水乡公寓2 1室主卧,龙博苑二区,900元/月,http://bj.58.com/pinpaigongyu/29385230083253x.shtml
【整租】沙河 高教大楼 1室1厅,兆丰家园西区,700元/月,http://bj.58.com/pinpaigongyu/29425760367056x.shtml
【整租】沙河 高教大楼 1室0厅,高教大楼,800元/月,http://bj.58.com/pinpaigongyu/29206586699597x.shtml
【整租】沙河 生命科学园 1室0厅,高教大楼,699元/月,http://bj.58.com/pinpaigongyu/28231255220138x.shtml
【整租】马连洼 绿苑小区 1室0厅,巩华城站,1000元/月,http://bj.58.com/pinpaigongyu/29604651232954x.shtml
【整租】沙河 高教大楼 1室0厅,高教大楼,700元/月,http://bj.58.com/pinpaigongyu/29514876478791x.shtml
【整租】沙河 南邵 1室0厅,兆丰家园西区,699元/月,http://bj.58.com/pinpaigongyu/28496454373558x.shtml
【合租】海淀周边 海淀嘉郡 3室主卧,高教大楼五区,1000元/月,http://bj.58.com/pinpaigongyu/29682461842892x.shtml
【整租】沙河 巩华城站 1室0厅,葛布店东里,699元/月,http://bj.58.com/pinpaigongyu/28188644941245x.shtml
【整租】霍营 霍营小区 1室0厅,西二旗,699元/月,http://bj.58.com/pinpaigongyu/28208963843511x.shtml
【整租】沙河 高教大楼 1室0厅,葛布店东里,700元/月,http://bj.58.com/pinpaigongyu/29274351669326x.shtml
【整租】东坝 水乡公寓2 1室0厅,水乡公寓,900元/月,http://bj.58.com/pinpaigongyu/29251923289667x.shtml
【整租】朝阳公园 京东水乡公寓 1室0厅,紫金新干线四区,1000元/月,http://bj.58.com/pinpaigongyu/29526487704107x.shtml
【整租】东坝 水乡公寓 1室0厅,龙博苑二区,900元/月,http://bj.58.com/pinpaigongyu/29503188224314x.shtml
【整租】次渠 怡芳园 4室1厅,水乡公寓2,700元/月,http://bj.58.com/pinpaigongyu/29517730447559x.shtml
【整租】常营 水乡公寓 1室0厅,京东水乡公寓,900元/月,http://bj.58.com/pinpaigongyu/29503533750317x.shtml
【合租】黄村 观音寺南里 3室次卧,水乡公寓,980元/月,http://bj.58.com/pinpaigongyu/28789385913268x.shtml
【合租】沙河 巩华家园 3室主卧,水乡公寓,960元/月,http://bj.58.com/pinpaigongyu/29635995337424x.shtml
【合租】次渠 敬园小区 3室次卧,水乡公寓2,730元/月,http://bj.58.com/pinpaigongyu/29525333559376x.shtml
【整租】朝青板块 水乡公寓 1室0厅,京东水乡公寓,900元/月,http://bj.58.com/pinpaigongyu/29449067165903x.shtml
【整租】西二旗 西二旗 1室0厅,水乡公寓,699元/月,http://bj.58.com/pinpaigongyu/28243864040012x.shtml
【合租】九棵树 北杨洼小区 2室主卧,龙泽苑,1000元/月,http://bj.58.com/pinpaigongyu/29426197828163x.shtml
【合租】中仓 新城东里东区 3室次卧,玉桥西里70号院,850元/月,http://bj.58.com/pinpaigongyu/29681554774828x.shtml
【合租】龙泽 融泽嘉园6号院 4室次卧,南邵,980元/月,http://bj.58.com/pinpaigongyu/29680075768628x.shtml
【整租】沙河 高教大楼 1室0厅,巩华城站,800元/月,http://bj.58.com/pinpaigongyu/29206556141226x.shtml
【整租】沙河 高教大楼 1室0厅,西二旗,700元/月,http://bj.58.com/pinpaigongyu/29295878604228x.shtml
【整租】回龙观 回龙观 1室0厅,生命科学园,699元/月,http://bj.58.com/pinpaigongyu/28607629251267x.shtml
【整租】沙河 兆丰家园 1室0厅,霍营,699元/月,http://bj.58.com/pinpaigongyu/28588823160135x.shtml
【合租】龙泽 融泽嘉园6号院 1室次卧,高教大楼,900元/月,http://bj.58.com/pinpaigongyu/29459097787960x.shtml
【整租】沙河 高教大楼 1室0厅,葛布店东里,700元/月,http://bj.58.com/pinpaigongyu/29514896576043x.shtml
【整租】沙河 高教大楼 1室0厅,颐和山庄紫霄园,700元/月,http://bj.58.com/pinpaigongyu/29481742648362x.shtml
【整租】沙河 高教大楼 1室0厅,水乡公寓,700元/月,http://bj.58.com/pinpaigongyu/29295817452081x.shtml
【整租】沙河 高教大楼 1室0厅,龙博苑二区,700元/月,http://bj.58.com/pinpaigongyu/29437286016201x.shtml
【整租】西北旺 景和园 1室0厅,京东水乡公寓,1000元/月,http://bj.58.com/pinpaigongyu/29240074602816x.shtml
【合租】胜利 港馨东区 6室次卧,龙博苑二区,950元/月,http://bj.58.com/pinpaigongyu/29005730369845x.shtml
【整租】沙河 生命科学园 1室0厅,京东水乡公寓,699元/月,http://bj.58.com/pinpaigongyu/28199868573883x.shtml
【整租】西二旗 高教大楼五区 1室0厅,京东水乡公寓,700元/月,http://bj.58.com/pinpaigongyu/29514888134188x.shtml
【合租】九棵树 北杨洼小区 3室主卧,水乡公寓2,1000元/月,http://bj.58.com/pinpaigongyu/29680493254580x.shtml
【整租】西北旺 颐和山庄云锦园 1室0厅,水乡公寓,1000元/月,http://bj.58.com/pinpaigongyu/29595130588484x.shtml
【合租】九棵树 景欣园 2室次卧,龙博苑二区,900元/月,http://bj.58.com/pinpaigongyu/29658022045747x.shtml
【整租】西北旺 百旺茉莉园一期 1室0厅,水乡公寓1,1000元/月,http://bj.58.com/pinpaigongyu/29595197991101x.shtml
【整租】回龙观 朱辛庄新区 1室0厅,翠屏北里东区,699元/月,http://bj.58.com/pinpaigongyu/28155718602426x.shtml
【整租】沙河 高教大楼 1室0厅,高教大楼,700元/月,http://bj.58.com/pinpaigongyu/29471827636029x.shtml
【整租】西二旗 博雅德园 1室0厅,宏丰西路1号院,699元/月,http://bj.58.com/pinpaigongyu/28353519736499x.shtml
【整租】西二旗 燕尚园 1室0厅,颐丰庄园,699元/月,http://bj.58.com/pinpaigongyu/28178079091011x.shtml
【整租】沙河 沙河8号公寓 1室0厅,高教大楼,750元/月,http://bj.58.com/pinpaigongyu/29274354847815x.shtml
【合租】梨园 梨园北小区 3室主卧,高教大楼,800元/月,http://bj.58.com/pinpaigongyu/29639973750081x.shtml
【整租】沙河 高教大楼 1室0厅,百旺茉莉园一期,700元/月,http://bj.58.com/pinpaigongyu/29513939560890x.shtml
【整租】上地 上地西里 1室0厅,滨河小区(顺义),699元/月,http://bj.58.com/pinpaigongyu/28399364682424x.shtml
【合租】九棵树 景欣园 2室主卧,巩华城公寓,900元/月,http://bj.58.com/pinpaigongyu/29647007131435x.shtml
【整租】西二旗 智学苑 1室0厅,高教大楼,699元/月,http://bj.58.com/pinpaigongyu/28154666421811x.shtml
【整租】北七家 北七家平西府 1室0厅,水乡公寓1,699元/月,http://bj.58.com/pinpaigongyu/28156901307076x.shtml
【整租】沙河 高教大楼 1室0厅,京东水乡公寓,700元/月,http://bj.58.com/pinpaigongyu/29282222629449x.shtml
【整租】沙河 高教大楼 1室0厅,水乡公寓1,700元/月,http://bj.58.com/pinpaigongyu/29315225056839x.shtml
【整租】西二旗 西二旗小区 1室0厅,龙博苑二区,699元/月,http://bj.58.com/pinpaigongyu/28321525447489x.shtml
【整租】西二旗 高教大楼五区 1室0厅,水乡公寓,700元/月,http://bj.58.com/pinpaigongyu/29217404519210x.shtml
【整租】西北旺 宏丰西路1号院 1室0厅,水乡公寓2,1000元/月,http://bj.58.com/pinpaigongyu/29595113945680x.shtml
【整租】西二旗 高教大楼五区 1室0厅,京东水乡公寓,700元/月,http://bj.58.com/pinpaigongyu/29217406988211x.shtml
【整租】沙河 北街家园五区 1室1厅,龙博苑二区,700元/月,http://bj.58.com/pinpaigongyu/29194039311415x.shtml
【整租】上地 上地西里 1室0厅,兆丰家园东区,699元/月,http://bj.58.com/pinpaigongyu/28208984114880x.shtml
【整租】沙河 高教大楼 1室0厅,龙博苑二区,700元/月,http://bj.58.com/pinpaigongyu/29539631901485x.shtml
【整租】沙河 高教大楼 1室0厅,兆丰家园西区,700元/月,http://bj.58.com/pinpaigongyu/29282160044202x.shtml
【整租】沙河 高教大楼 1室0厅,高教大楼,700元/月,http://bj.58.com/pinpaigongyu/29514356597567x.shtml
【整租】沙河 高教大楼 1室0厅,高教大楼,800元/月,http://bj.58.com/pinpaigongyu/29206585217346x.shtml
【整租】沙河 北街家园 1室0厅,巩华城站,700元/月,http://bj.58.com/pinpaigongyu/29370978973500x.shtml
【整租】上地 上地东里 1室0厅,高教大楼,699元/月,http://bj.58.com/pinpaigongyu/28155590341575x.shtml
【整租】沙河 朱辛庄 1室0厅,兆丰家园西区,699元/月,http://bj.58.com/pinpaigongyu/28554755950285x.shtml
【整租】沙河 北街家园五区 1室1厅,高教大楼五区,700元/月,http://bj.58.com/pinpaigongyu/29337277469114x.shtml
【整租】沙河 高教大楼 1室0厅,葛布店东里,700元/月,http://bj.58.com/pinpaigongyu/29370847362478x.shtml
【整租】沙河 南邵 1室0厅,西二旗,699元/月,http://bj.58.com/pinpaigongyu/28275929791429x.shtml
【合租】玉桥 艺苑西街小区 2室次卧,葛布店东里,700元/月,http://bj.58.com/pinpaigongyu/29646878455987x.shtml
【整租】沙河 高教大楼 1室0厅,水乡公寓,700元/月,http://bj.58.com/pinpaigongyu/29514893228462x.shtml
【整租】沙河 兆丰家园西区 1室0厅,紫金新干线四区,699元/月,http://bj.58.com/pinpaigongyu/28275863718330x.shtml
【整租】西北旺 夏霖园 1室0厅,龙博苑二区,1000元/月,http://bj.58.com/pinpaigongyu/29604483886004x.shtml
【整租】沙河 高教大楼 1室0厅,水乡公寓2,700元/月,http://bj.58.com/pinpaigongyu/29274352051766x.shtml
【整租】上地 兰园小区 1室0厅,京东水乡公寓,1000元/月,http://bj.58.com/pinpaigongyu/29604583677776x.shtml
【整租】梨园 孙王场小区 2室1厅,水乡公寓,1000元/月,http://bj.58.com/pinpaigongyu/29679965274817x.shtml
【整租】沙河 高教大楼 1室0厅,水乡公寓,700元/月,http://bj.58.com/pinpaigongyu/29392508791342x.shtml
【整租】沙河 北街家园五区 1室0厅,水乡公寓2,699元/月,http://bj.58.com/pinpaigongyu/28175787853898x.shtml
【整租】马连洼 春晖园 1室0厅,京东水乡公寓,1000元/月,http://bj.58.com/pinpaigongyu/29604368417836x.shtml
【合租】龙泽 融泽嘉园2号院 4室次卧,水乡公寓,950元/月,http://bj.58.com/pinpaigongyu/29524637940032x.shtml
【整租】回龙观 朱辛庄 1室0厅,龙泽苑,699元/月,http://bj.58.com/pinpaigongyu/28220071646636x.shtml
【整租】沙河 高教大楼 1室0厅,玉桥西里70号院,700元/月,http://bj.58.com/pinpaigongyu/29295932749494x.shtml
【整租】沙河 高教大楼 1室0厅,南邵,700元/月,http://bj.58.com/pinpaigongyu/29295916848437x.shtml
【整租】回龙观 回龙观城北 1室0厅,巩华城站,699元/月,http://bj.58.com/pinpaigongyu/28164915030327x.shtml
【合租】梨园 映翠居小区 2室主卧,西二旗,900元/月,http://bj.58.com/pinpaigongyu/29658081645760x.shtml
【整租】沙河 高教大楼 1室0厅,生命科学园,700元/月,http://bj.58.com/pinpaigongyu/29425737321274x.shtml
【合租】龙泽 融泽嘉园2号院 3室主卧,霍营,980元/月,http://bj.58.com/pinpaigongyu/29691056103855x.shtml
【整租】西二旗 高教大楼五区 1室0厅,高教大楼,699元/月,http://bj.58.com/pinpaigongyu/28148769406668x.shtml
【整租】沙河 兆丰家园西区 1室0厅,葛布店东里,699元/月,http://bj.58.com/pinpaigongyu/28607555635647x.shtml
【整租】西北旺 夏霖园 1室0厅,颐和山庄紫霄园,1000元/月,http://bj.58.com/pinpaigongyu/29062320621640x.shtml
【整租】西北旺 夏霖园 1室0厅,水乡公寓,1000元/月,http://bj.58.com/pinpaigongyu/29062320621640x.shtml
【整租】定慧寺 亮甲店小区 1室0厅,龙博苑二区,1000元/月,http://bj.58.com/pinpaigongyu/29240005285699x.shtml
【整租】沙河 高教大楼 1室0厅,京东水乡公寓,700元/月,http://bj.58.com/pinpaigongyu/29481815025602x.shtml
【整租】沙河 北街家园 1室0厅,龙博苑二区,700元/月,http://bj.58.com/pinpaigongyu/29370993286864x.shtml
【整租】上地 千秋家园 1室0厅,京东水乡公寓,1000元/月,http://bj.58.com/pinpaigongyu/29593614895688x.shtml
【合租】九棵树 北杨洼小区 1室次卧,京东水乡公寓,900元/月,http://bj.58.com/pinpaigongyu/29647230990645x.shtml
【整租】天竺 花梨坎 1室0厅,水乡公寓2,600元/月,http://bj.58.com/pinpaigongyu/29638107888425x.shtml
【整租】沙河 南邵 1室0厅,水乡公寓,699元/月,http://bj.58.com/pinpaigongyu/28497519679047x.shtml
【整租】沙河 兆丰家园 1室0厅,龙博苑二区,699元/月,http://bj.58.com/pinpaigongyu/28496522504511x.shtml
【整租】梨园 梨花园 3室1厅,水乡公寓1,650元/月,http://bj.58.com/pinpaigongyu/29359695174577x.shtml
【整租】西北旺 永旺家园 1室0厅,翠屏北里东区,1000元/月,http://bj.58.com/pinpaigongyu/29603757202886x.shtml
【整租】西北旺 百旺新城夏霖园 1室0厅,高教大楼,1000元/月,http://bj.58.com/pinpaigongyu/29604504622032x.shtml
【整租】西二旗 西二旗 1室0厅,宏丰西路1号院,699元/月,http://bj.58.com/pinpaigongyu/28588833383749x.shtml
【整租】回龙观 朱辛庄新区 1室0厅,颐丰庄园,699元/月,http://bj.58.com/pinpaigongyu/28322020712623x.shtml
【整租】沙河 高教大楼 1室0厅,高教大楼,700元/月,http://bj.58.com/pinpaigongyu/29481283574719x.shtml
【整租】沙河 生命科学园 1室0厅,高教大楼,699元/月,http://bj.58.com/pinpaigongyu/28164868501803x.shtml
【整租】沙河 高教大楼 1室0厅,百旺茉莉园一期,700元/月,http://bj.58.com/pinpaigongyu/29360106219984x.shtml
【整租】马连洼 春晖园 1室0厅,滨河小区(顺义),1000元/月,http://bj.58.com/pinpaigongyu/29062326319677x.shtml
【整租】上地 丰泽盈和 1室0厅,巩华城公寓,1000元/月,http://bj.58.com/pinpaigongyu/29604783331116x.shtml
【合租】土桥 迎喜家园 4室次卧,高教大楼,650元/月,http://bj.58.com/pinpaigongyu/29638894188847x.shtml
【整租】回龙观 朱辛庄新村 1室0厅,龙博苑二区,699元/月,http://bj.58.com/pinpaigongyu/28308872672974x.shtml
【合租】乔庄 乔庄西区 4室次卧,龙博苑二区,950元/月,http://bj.58.com/pinpaigongyu/29381338061102x.shtml
【整租】万泉河 颐丰庄园 1室0厅,水乡公寓1,1000元/月,http://bj.58.com/pinpaigongyu/29596687410223x.shtml
【整租】西二旗 高教大楼五区 1室1厅,京东水乡公寓,700元/月,http://bj.58.com/pinpaigongyu/29514373622218x.shtml
【整租】沙河 沙河8号公寓 1室0厅,水乡公寓,750元/月,http://bj.58.com/pinpaigongyu/29274355108797x.shtml
【整租】回龙观 朱辛庄新区 1室0厅,水乡公寓,699元/月,http://bj.58.com/pinpaigongyu/28187089523919x.shtml
【整租】沙河 北街家园六区 1室0厅,龙博苑二区,699元/月,http://bj.58.com/pinpaigongyu/28264941656134x.shtml
【整租】西二旗 西二旗 1室0厅,水乡公寓,699元/月,http://bj.58.com/pinpaigongyu/28178055595435x.shtml
【整租】沙河 北街家园五区 1室1厅,润枫领尚,700元/月,http://bj.58.com/pinpaigongyu/29194050673349x.shtml
【整租】回龙观 朱辛庄新村 1室0厅,水乡公寓2,699元/月,http://bj.58.com/pinpaigongyu/28154294691018x.shtml
【整租】西北旺 永旺家园 1室0厅,高教大楼,1000元/月,http://bj.58.com/pinpaigongyu/29603762831804x.shtml
【合租】九棵树 北杨洼小区 2室主卧,高教大楼,1000元/月,http://bj.58.com/pinpaigongyu/29680388026799x.shtml
【整租】龙泽 龙泽苑 1室0厅,生命科学园,699元/月,http://bj.58.com/pinpaigongyu/28155556486333x.shtml
【整租】沙河 高教大楼 1室0厅,绿苑小区,700元/月,http://bj.58.com/pinpaigongyu/29274360944582x.shtml
【整租】沙河 高教大楼 1室0厅,高教大楼,700元/月,http://bj.58.com/pinpaigongyu/29282165674168x.shtml
【整租】上地 上地七街 1室0厅,南邵,699元/月,http://bj.58.com/pinpaigongyu/28355876135094x.shtml
【整租】西二旗 领秀硅谷 1室0厅,海淀嘉郡,699元/月,http://bj.58.com/pinpaigongyu/28430654130505x.shtml
【整租】沙河 高教大楼 1室0厅,巩华城站,700元/月,http://bj.58.com/pinpaigongyu/29282218867767x.shtml
【合租】马坡 佳和宜园 4室次卧,霍营小区,1000元/月,http://bj.58.com/pinpaigongyu/29005883254224x.shtml
【合租】乔庄 乔庄西区 4室次卧,高教大楼,900元/月,http://bj.58.com/pinpaigongyu/29647153730747x.shtml
【整租】沙河 高教大楼 1室0厅,水乡公寓1,700元/月,http://bj.58.com/pinpaigongyu/29295918351802x.shtml
【合租】亚运村小营 育慧西里 4室次卧,京东水乡公寓,1000元/月,http://bj.58.com/pinpaigongyu/29427425114172x.shtml
【整租】沙河 高教大楼 1室0厅,水乡公寓1,700元/月,http://bj.58.com/pinpaigongyu/29252533461431x.shtml
【合租】乔庄 乔庄西区 2室次卧,龙博苑二区,950元/月,http://bj.58.com/pinpaigongyu/29407209595067x.shtml
【整租】北七家 平西府工业园 1室0厅,水乡公寓,699元/月,http://bj.58.com/pinpaigongyu/28231122905535x.shtml
【整租】西北旺 秋露园 1室0厅,水乡公寓2,1000元/月,http://bj.58.com/pinpaigongyu/29240052748349x.shtml
【整租】西二旗 西二旗小区 1室0厅,京东水乡公寓,699元/月,http://bj.58.com/pinpaigongyu/28188660950221x.shtml
【合租】九棵树 北杨洼小区 3室次卧,龙博苑二区,950元/月,http://bj.58.com/pinpaigongyu/29648565818026x.shtml
【整租】天竺 花梨坎 1室1厅,兆丰家园东区,600元/月,http://bj.58.com/pinpaigongyu/29624914580942x.shtml
【整租】沙河 高教大楼 1室0厅,龙博苑二区,700元/月,http://bj.58.com/pinpaigongyu/29481265430205x.shtml
【整租】西二旗 高教大楼五区 1室0厅,兆丰家园西区,700元/月,http://bj.58.com/pinpaigongyu/29370826456504x.shtml
【整租】沙河 巩华城站 1室0厅,高教大楼,699元/月,http://bj.58.com/pinpaigongyu/28430637055939x.shtml
【整租】西二旗 西二旗 1室0厅,高教大楼,699元/月,http://bj.58.com/pinpaigongyu/28209173479743x.shtml
【整租】西北旺 颐和山庄云锦园 1室0厅,巩华城站,1000元/月,http://bj.58.com/pinpaigongyu/29595136824261x.shtml
【整租】西二旗 西二旗 1室0厅,高教大楼,699元/月,http://bj.58.com/pinpaigongyu/28155515120179x.shtml
【整租】沙河 高教大楼 1室0厅,兆丰家园西区,800元/月,http://bj.58.com/pinpaigongyu/29206592833468x.shtml
【整租】西二旗 西二旗 1室0厅,高教大楼五区,699元/月,http://bj.58.com/pinpaigongyu/28243845380942x.shtml
【合租】龙泽 融泽嘉园2号院 4室次卧,葛布店东里,1000元/月,http://bj.58.com/pinpaigongyu/29392289907772x.shtml
【合租】龙泽 融泽嘉园2号院 3室主卧,西二旗,950元/月,http://bj.58.com/pinpaigongyu/29646778908340x.shtml
【合租】梨园 云景西里南区 3室主卧,葛布店东里,950元/月,http://bj.58.com/pinpaigongyu/29640082850752x.shtml
【整租】沙河 高教大楼 1室0厅,水乡公寓,700元/月,http://bj.58.com/pinpaigongyu/29481757862986x.shtml
【整租】沙河 高教大楼 1室0厅,紫金新干线四区,700元/月,http://bj.58.com/pinpaigongyu/29274353832382x.shtml
【整租】梨园 梨园北小区 4室1厅,龙博苑二区,900元/月,http://bj.58.com/pinpaigongyu/29647181079339x.shtml
【整租】沙河 兆丰家园西区 1室0厅,水乡公寓2,699元/月,http://bj.58.com/pinpaigongyu/28264912116909x.shtml
【整租】沙河 巩华城站 1室0厅,京东水乡公寓,699元/月,http://bj.58.com/pinpaigongyu/28454173187786x.shtml
【整租】西二旗 领秀硅谷 1室0厅,水乡公寓,699元/月,http://bj.58.com/pinpaigongyu/28199884927416x.shtml
【整租】沙河 高教大楼 1室0厅,水乡公寓,700元/月,http://bj.58.com/pinpaigongyu/29303934716621x.shtml
【整租】回龙观 回龙观东大街 1室0厅,水乡公寓2,699元/月,http://bj.58.com/pinpaigongyu/28211291982003x.shtml
【整租】沙河 高教大楼 1室0厅,京东水乡公寓,700元/月,http://bj.58.com/pinpaigongyu/29283673962958x.shtml
【合租】梨园 梨园东里北区 4室主卧,水乡公寓,900元/月,http://bj.58.com/pinpaigongyu/29438149166525x.shtml
【整租】上地 首创悦蓉汇 1室0厅,龙泽苑,1000元/月,http://bj.58.com/pinpaigongyu/29603739076410x.shtml
【整租】温泉 福溪家园 1室0厅,玉桥西里70号院,1000元/月,http://bj.58.com/pinpaigongyu/29593377055056x.shtml
【整租】沙河 高教大楼 1室0厅,南邵,700元/月,http://bj.58.com/pinpaigongyu/29392510382143x.shtml
【合租】土桥 华远铭悦 2室次卧,巩华城站,950元/月,http://bj.58.com/pinpaigongyu/29637458571049x.shtml
【合租】中仓 新城东里东区 2室主卧,西二旗,700元/月,http://bj.58.com/pinpaigongyu/29646989386291x.shtml
【合租】密云城区 密云果园北区 2室次卧,生命科学园,650元/月,http://bj.58.com/pinpaigongyu/29679981540938x.shtml
【整租】回龙观 龙泽大厦 1室0厅,霍营,699元/月,http://bj.58.com/pinpaigongyu/28176007277264x.shtml
【整租】沙河 北街家园五区 1室1厅,高教大楼,700元/月,http://bj.58.com/pinpaigongyu/29415575697203x.shtml
【整租】沙河 南邵 1室0厅,葛布店东里,699元/月,http://bj.58.com/pinpaigongyu/28454310065097x.shtml
【整租】回龙观 回龙观城北 1室0厅,颐和山庄紫霄园,699元/月,http://bj.58.com/pinpaigongyu/28155043838413x.shtml
【整租】崇文门 绿苑小区 1室0厅,水乡公寓,1000元/月,http://bj.58.com/pinpaigongyu/29604637806380x.shtml
【整租】西北旺 颐和山庄 1室0厅,龙博苑二区,1000元/月,http://bj.58.com/pinpaigongyu/29239991010116x.shtml
【整租】沙河 巩华城站 1室0厅,京东水乡公寓,699元/月,http://bj.58.com/pinpaigongyu/29304758430510x.shtml
【整租】沙河 兆丰家园西区 1室0厅,龙博苑二区,699元/月,http://bj.58.com/pinpaigongyu/28598342447434x.shtml
【整租】北关 翠福园 1室0厅,京东水乡公寓,650元/月,http://bj.58.com/pinpaigongyu/29200688256199x.shtml
【整租】龙泽 龙泽苑 1室0厅,京东水乡公寓,699元/月,http://bj.58.com/pinpaigongyu/28607440153006x.shtml
【整租】沙河 高教大楼 1室0厅,水乡公寓2,700元/月,http://bj.58.com/pinpaigongyu/29370839182287x.shtml
【整租】西二旗 铭科苑 1室0厅,水乡公寓,699元/月,http://bj.58.com/pinpaigongyu/28208917061289x.shtml
【整租】霍营 霍营 1室0厅,龙博苑二区,699元/月,http://bj.58.com/pinpaigongyu/28621601493055x.shtml
【整租】万泉河 颐丰庄园 1室0厅,水乡公寓1,1000元/月,http://bj.58.com/pinpaigongyu/29596699567019x.shtml
【整租】沙河 高教大楼 1室0厅,翠屏北里东区,700元/月,http://bj.58.com/pinpaigongyu/29274353091020x.shtml
【整租】沙河 高教大楼 1室0厅,高教大楼,700元/月,http://bj.58.com/pinpaigongyu/29539622495665x.shtml
【整租】回龙观 回龙观城北 1室0厅,宏丰西路1号院,699元/月,http://bj.58.com/pinpaigongyu/28200062516174x.shtml
【整租】西北旺 百旺新城夏霖园 1室0厅,颐丰庄园,1000元/月,http://bj.58.com/pinpaigongyu/29604492280262x.shtml
【整租】沙河 北街家园六区 1室0厅,高教大楼,699元/月,http://bj.58.com/pinpaigongyu/28588814222276x.shtml
【整租】西二旗 智学苑 1室0厅,高教大楼,699元/月,http://bj.58.com/pinpaigongyu/29128951387457x.shtml
【整租】西北旺 六里屯新村四区 1室0厅,百旺茉莉园一期,1000元/月,http://bj.58.com/pinpaigongyu/29240026421043x.shtml
【整租】马连洼 永丰嘉园 1室0厅,滨河小区(顺义),1000元/月,http://bj.58.com/pinpaigongyu/29603708846393x.shtml
【整租】沙河 高教大楼 1室0厅,巩华城公寓,700元/月,http://bj.58.com/pinpaigongyu/29360118066371x.shtml
【整租】西北旺 颐和山庄紫霄园 1室0厅,高教大楼,1000元/月,http://bj.58.com/pinpaigongyu/29595229279791x.shtml
【整租】沙河 高教大楼 1室0厅,龙博苑二区,700元/月,http://bj.58.com/pinpaigongyu/29514879247431x.shtml
【整租】西二旗 智学苑 1室0厅,龙博苑二区,699元/月,http://bj.58.com/pinpaigongyu/28166504086976x.shtml
【合租】九棵树 小稿村 4室主卧,水乡公寓1,950元/月,http://bj.58.com/pinpaigongyu/29281552268213x.shtml
【合租】梨园 孙王场小区 2室主卧,京东水乡公寓,1000元/月,http://bj.58.com/pinpaigongyu/29426232950980x.shtml
【整租】沙河 高教大楼 1室0厅,水乡公寓,700元/月,http://bj.58.com/pinpaigongyu/29481279796543x.shtml
【整租】回龙观 回龙观 1室0厅,水乡公寓,699元/月,http://bj.58.com/pinpaigongyu/28187067686224x.shtml
【整租】上地 上地十街 1室0厅,龙博苑二区,1000元/月,http://bj.58.com/pinpaigongyu/29240170497590x.shtml
【整租】西北旺 夏霖园 1室0厅,水乡公寓,1000元/月,http://bj.58.com/pinpaigongyu/29240064231748x.shtml
【整租】沙河 高教大楼 1室0厅,润枫领尚,700元/月,http://bj.58.com/pinpaigongyu/29481473009349x.shtml
【合租】玉桥 玉桥西里70号院 3室主卧,水乡公寓2,950元/月,http://bj.58.com/pinpaigongyu/29396081165362x.shtml
【合租】梨园 云景西里 4室主卧,高教大楼,1000元/月,http://bj.58.com/pinpaigongyu/29647185811536x.shtml
【整租】马连洼 绿苑小区 1室0厅,高教大楼,1000元/月,http://bj.58.com/pinpaigongyu/29604644454444x.shtml
【整租】西北旺 颐和山庄云锦园 1室0厅,生命科学园,1000元/月,http://bj.58.com/pinpaigongyu/29595144474549x.shtml
【整租】沙河 高教大楼 1室0厅,绿苑小区,700元/月,http://bj.58.com/pinpaigongyu/29481282956332x.shtml
【合租】马坡 泰和宜园 4室次卧,高教大楼,850元/月,http://bj.58.com/pinpaigongyu/29483010906670x.shtml
【整租】沙河 兆丰家园西区 1室0厅,南邵,699元/月,http://bj.58.com/pinpaigongyu/28308854323249x.shtml
【合租】玉桥 艺苑西街小区 2室次卧,海淀嘉郡,900元/月,http://bj.58.com/pinpaigongyu/29680002433084x.shtml
【整租】沙河 巩华城公寓 1室0厅,巩华城站,699元/月,http://bj.58.com/pinpaigongyu/28199826625199x.shtml
【整租】北七家 平西府工业园 1室0厅,霍营小区,699元/月,http://bj.58.com/pinpaigongyu/28178088712641x.shtml
【整租】沙河 高教大楼 1室0厅,高教大楼,700元/月,http://bj.58.com/pinpaigongyu/29295776522430x.shtml
【整租】沙河 高教大楼 1室0厅,水乡公寓2,700元/月,http://bj.58.com/pinpaigongyu/29295776522430x.shtml
【整租】沙河 高教大楼 1室0厅,京东水乡公寓,700元/月,http://bj.58.com/pinpaigongyu/29539617610448x.shtml
【整租】沙河 巩华城站 1室0厅,水乡公寓,699元/月,http://bj.58.com/pinpaigongyu/28220263430218x.shtml
【合租】新华大街 东方生活小区 2室次卧,怡芳园,900元/月,http://bj.58.com/pinpaigongyu/29407372406602x.shtml
【整租】西北旺 颐和山庄云锦园 1室0厅,水乡公寓,1000元/月,http://bj.58.com/pinpaigongyu/29239875940048x.shtml
【整租】西二旗 西二旗小区 1室0厅,观音寺南里,699元/月,http://bj.58.com/pinpaigongyu/28496463755339x.shtml
【合租】梨园 梨园北小区 4室次卧,巩华家园,900元/月,http://bj.58.com/pinpaigongyu/29639450504889x.shtml
【合租】果园 翠屏北里东区 3室主卧,敬园小区,850元/月,http://bj.58.com/pinpaigongyu/29639968644816x.shtml
【整租】沙河 生命科学园 1室0厅,水乡公寓,699元/月,http://bj.58.com/pinpaigongyu/28164832956599x.shtml
【整租】西二旗 西二旗小区 1室0厅,西二旗,699元/月,http://bj.58.com/pinpaigongyu/28186917999302x.shtml
【整租】回龙观 朱辛庄新区 1室0厅,北杨洼小区,699元/月,http://bj.58.com/pinpaigongyu/28231177810987x.shtml
【整租】西北旺 颐和山庄紫霄园 1室0厅,新城东里东区,1000元/月,http://bj.58.com/pinpaigongyu/29596580474177x.shtml
【整租】沙河 高教大楼 1室0厅,融泽嘉园6号院,700元/月,http://bj.58.com/pinpaigongyu/29282219544116x.shtml
【整租】回龙观 回龙观城北 1室0厅,高教大楼,699元/月,http://bj.58.com/pinpaigongyu/28220329382858x.shtml
【整租】西二旗 回龙观新村 1室0厅,高教大楼,699元/月,http://bj.58.com/pinpaigongyu/28242380568892x.shtml
【整租】沙河 北街家园五区 1室0厅,回龙观,699元/月,http://bj.58.com/pinpaigongyu/28243856122176x.shtml
【整租】西二旗 西二旗 1室0厅,兆丰家园,699元/月,http://bj.58.com/pinpaigongyu/28164892003145x.shtml
【整租】西北旺 百旺新城夏霖园 1室0厅,融泽嘉园6号院,1000元/月,http://bj.58.com/pinpaigongyu/29604497875256x.shtml
【整租】沙河 高教大楼 1室0厅,高教大楼,700元/月,http://bj.58.com/pinpaigongyu/29370972676559x.shtml
【整租】沙河 高教大楼 1室0厅,高教大楼,700元/月,http://bj.58.com/pinpaigongyu/29282212931786x.shtml
【整租】西二旗 燕尚园 1室0厅,水乡公寓1,699元/月,http://bj.58.com/pinpaigongyu/28607642172239x.shtml
【整租】上地 上地东里 1室0厅,京东水乡公寓,699元/月,http://bj.58.com/pinpaigongyu/28175890153664x.shtml
【整租】沙河 高教大楼 1室0厅,水乡公寓1,700元/月,http://bj.58.com/pinpaigongyu/29481486753334x.shtml
【整租】西北旺 保利西山林语 1室0厅,龙博苑二区,1000元/月,http://bj.58.com/pinpaigongyu/29239813182515x.shtml
【整租】沙河 巩华城公寓 1室0厅,水乡公寓,699元/月,http://bj.58.com/pinpaigongyu/28208938402491x.shtml
【整租】沙河 高教大楼 1室0厅,水乡公寓2,700元/月,http://bj.58.com/pinpaigongyu/29437078894404x.shtml
【整租】沙河 兆丰家园 1室0厅,京东水乡公寓,699元/月,http://bj.58.com/pinpaigongyu/28231233007785x.shtml
【整租】温泉 福溪家园 1室0厅,龙博苑二区,1000元/月,http://bj.58.com/pinpaigongyu/29593364333240x.shtml
【整租】沙河 高教大楼 1室0厅,兆丰家园东区,700元/月,http://bj.58.com/pinpaigongyu/29326680010063x.shtml
【整租】西二旗 燕尚园 1室0厅,龙博苑二区,699元/月,http://bj.58.com/pinpaigongyu/28210480892221x.shtml
【合租】龙泽 融泽嘉园2号院 3室主卧,兆丰家园西区,900元/月,http://bj.58.com/pinpaigongyu/29381574595654x.shtml
【整租】梨园 群芳园 3室1厅,高教大楼,900元/月,http://bj.58.com/pinpaigongyu/29360333949639x.shtml
【整租】沙河 兆丰家园西区 1室0厅,高教大楼,699元/月,http://bj.58.com/pinpaigongyu/28586826798121x.shtml
【整租】沙河 巩华城站 1室0厅,巩华城站,699元/月,http://bj.58.com/pinpaigongyu/28554734374442x.shtml
【整租】西北旺 颐和山庄紫霄园 1室0厅,高教大楼,1000元/月,http://bj.58.com/pinpaigongyu/29596572101455x.shtml
【合租】土桥 华远铭悦 2室次卧,兆丰家园西区,1000元/月,http://bj.58.com/pinpaigongyu/29679954023227x.shtml
【合租】梨园 小街之春嘉园 4室次卧,高教大楼五区,650元/月,http://bj.58.com/pinpaigongyu/29550439020101x.shtml
【整租】回龙观 朱辛庄新区 1室0厅,葛布店东里,699元/月,http://bj.58.com/pinpaigongyu/28554869749418x.shtml
【整租】上地 丰润佳园 1室0厅,西二旗,699元/月,http://bj.58.com/pinpaigongyu/28387968079405x.shtml
【整租】上地 上地东里 1室0厅,葛布店东里,699元/月,http://bj.58.com/pinpaigongyu/28176447071424x.shtml
【整租】梨园 桃花岛 3室1厅,水乡公寓,1000元/月,http://bj.58.com/pinpaigongyu/29359717434055x.shtml
【整租】回龙观 朱辛庄新区 1室0厅,紫金新干线四区,699元/月,http://bj.58.com/pinpaigongyu/28199792200238x.shtml
【整租】马连洼 永丰嘉园 1室0厅,龙博苑二区,1000元/月,http://bj.58.com/pinpaigongyu/29603714994764x.shtml
【整租】沙河 高教大楼 1室0厅,水乡公寓2,700元/月,http://bj.58.com/pinpaigongyu/29471802988096x.shtml
【合租】土桥 高丽园 3室次卧,京东水乡公寓,1000元/月,http://bj.58.com/pinpaigongyu/29405083034432x.shtml
【整租】沙河 北街家园 1室1厅,水乡公寓,699元/月,http://bj.58.com/pinpaigongyu/28155027939917x.shtml
【整租】沙河 北街家园五区 1室1厅,水乡公寓,700元/月,http://bj.58.com/pinpaigongyu/29415572816848x.shtml
【整租】沙河 高教大楼 1室0厅,水乡公寓2,700元/月,http://bj.58.com/pinpaigongyu/29513949201230x.shtml
【整租】沙河 高教大楼 1室0厅,京东水乡公寓,700元/月,http://bj.58.com/pinpaigongyu/29282161914694x.shtml
【整租】沙河 高教大楼 1室0厅,水乡公寓,700元/月,http://bj.58.com/pinpaigongyu/29217399846580x.shtml
【整租】沙河 高教大楼 1室0厅,龙泽苑,700元/月,http://bj.58.com/pinpaigongyu/29513957056962x.shtml
【整租】西二旗 高教大楼五区 1室0厅,玉桥西里70号院,700元/月,http://bj.58.com/pinpaigongyu/28580643459784x.shtml
【整租】沙河 北街家园 1室0厅,南邵,700元/月,http://bj.58.com/pinpaigongyu/29370987922759x.shtml
【整租】沙河 高教大楼 1室0厅,巩华城站,800元/月,http://bj.58.com/pinpaigongyu/29206593907662x.shtml
【合租】果园 当代名筑家园 3室次卧,西二旗,850元/月,http://bj.58.com/pinpaigongyu/29380945304366x.shtml
【整租】梨园 新城嘉园 3室1厅,生命科学园,850元/月,http://bj.58.com/pinpaigongyu/29381470488501x.shtml
【整租】沙河 高教大楼 1室0厅,霍营,700元/月,http://bj.58.com/pinpaigongyu/29295833170730x.shtml
【整租】上地 千秋家园 1室0厅,高教大楼,1000元/月,http://bj.58.com/pinpaigongyu/29593627970880x.shtml
【合租】玉桥 艺苑西里 3室主卧,葛布店东里,980元/月,http://bj.58.com/pinpaigongyu/29640025811145x.shtml
【整租】中关村 环保嘉苑 1室0厅,颐和山庄紫霄园,1000元/月,http://bj.58.com/pinpaigongyu/29593274556487x.shtml
【合租】玉桥 葛布店北里 2室次卧,水乡公寓,950元/月,http://bj.58.com/pinpaigongyu/29669467159621x.shtml
【整租】沙河 沙河高教园 1室0厅,龙博苑二区,700元/月,http://bj.58.com/pinpaigongyu/29381456694087x.shtml
【整租】西北旺 颐和山庄云锦园 1室0厅,京东水乡公寓,1000元/月,http://bj.58.com/pinpaigongyu/29595153765451x.shtml
【整租】沙河 高教大楼 1室0厅,龙博苑二区,700元/月,http://bj.58.com/pinpaigongyu/29252271884112x.shtml
【整租】沙河 高教大楼 1室0厅,京东水乡公寓,700元/月,http://bj.58.com/pinpaigongyu/29481552914230x.shtml
【整租】梨园 洼子小区 3室1厅,京东水乡公寓,850元/月,http://bj.58.com/pinpaigongyu/29339761235754x.shtml
【整租】沙河 巩华城站 1室0厅,水乡公寓2,699元/月,http://bj.58.com/pinpaigongyu/28607429572657x.shtml
【整租】沙河 高教大楼 1室0厅,水乡公寓,699元/月,http://bj.58.com/pinpaigongyu/28496482662735x.shtml
【整租】沙河 兆丰家园附近公寓 1室0厅,龙博苑二区,700元/月,http://bj.58.com/pinpaigongyu/28580671067210x.shtml
【整租】沙河 巩华城站 1室0厅,水乡公寓1,699元/月,http://bj.58.com/pinpaigongyu/28496440726095x.shtml
【整租】沙河 高教大楼 1室0厅,翠屏北里东区,700元/月,http://bj.58.com/pinpaigongyu/29282180872650x.shtml
【整租】中关村 环保嘉苑 1室0厅,高教大楼,1000元/月,http://bj.58.com/pinpaigongyu/29593304753359x.shtml
【整租】沙河 高教大楼 1室0厅,宏丰西路1号院,700元/月,http://bj.58.com/pinpaigongyu/29513951861039x.shtml
【整租】西苑 保利西山林语别墅 1室0厅,颐丰庄园,1000元/月,http://bj.58.com/pinpaigongyu/29239954619085x.shtml
【整租】沙河 高教大楼 1室0厅,高教大楼,700元/月,http://bj.58.com/pinpaigongyu/29437102859949x.shtml
【整租】中关村 环保嘉苑 1室0厅,高教大楼,1000元/月,http://bj.58.com/pinpaigongyu/29593253908012x.shtml
【整租】沙河 南邵 1室0厅,百旺茉莉园一期,699元/月,http://bj.58.com/pinpaigongyu/28187100233808x.shtml
【整租】沙河 北街家园 1室0厅,滨河小区(顺义),699元/月,http://bj.58.com/pinpaigongyu/28530830068403x.shtml
【整租】回龙观 龙泽大厦 1室0厅,巩华城公寓,699元/月,http://bj.58.com/pinpaigongyu/28243895574958x.shtml
【合租】龙泽 融泽嘉园6号院 3室次卧,高教大楼,1000元/月,http://bj.58.com/pinpaigongyu/29469940113224x.shtml
【合租】梨园 云景西里 2室次卧,龙博苑二区,950元/月,http://bj.58.com/pinpaigongyu/29407426811327x.shtml
【合租】梨园 云景西里南区 2室次卧,龙博苑二区,700元/月,http://bj.58.com/pinpaigongyu/29639406119212x.shtml
【整租】沙河 兆丰家园 1室0厅,水乡公寓1,699元/月,http://bj.58.com/pinpaigongyu/29304773403060x.shtml
【整租】沙河 高教大楼 1室0厅,京东水乡公寓,700元/月,http://bj.58.com/pinpaigongyu/29481285479983x.shtml
【整租】西二旗 西二旗小区 1室0厅,水乡公寓,699元/月,http://bj.58.com/pinpaigongyu/28164818732865x.shtml
【整租】七里庄 精装修公寓 1室0厅,水乡公寓,1000元/月,http://bj.58.com/pinpaigongyu/29331014476339x.shtml
【整租】回龙观 龙泽大厦 1室0厅,龙博苑二区,699元/月,http://bj.58.com/pinpaigongyu/28309683132492x.shtml
【整租】中关村 环保嘉苑 1室0厅,水乡公寓,1000元/月,http://bj.58.com/pinpaigongyu/29593266425411x.shtml
【整租】回龙观 回龙观东大街 1室0厅,润枫领尚,699元/月,http://bj.58.com/pinpaigongyu/28164986289743x.shtml
【整租】沙河 巩华城站 1室0厅,水乡公寓2,699元/月,http://bj.58.com/pinpaigongyu/28588843610927x.shtml
【整租】沙河 南邵 1室0厅,高教大楼,699元/月,http://bj.58.com/pinpaigongyu/28607567572547x.shtml
【合租】九棵树 小稿村小区 3室主卧,高教大楼,900元/月,http://bj.58.com/pinpaigongyu/29438121547195x.shtml
【整租】沙河 高教大楼 1室0厅,生命科学园,700元/月,http://bj.58.com/pinpaigongyu/29481795764543x.shtml
【整租】西北旺 百旺茉莉园一期 1室0厅,绿苑小区,1000元/月,http://bj.58.com/pinpaigongyu/29595212536398x.shtml
【整租】梨园 孙王场小区 3室1厅,高教大楼,700元/月,http://bj.58.com/pinpaigongyu/29647117687113x.shtml
【整租】霍营 霍营小区 1室0厅,南邵,699元/月,http://bj.58.com/pinpaigongyu/28186987165769x.shtml
【整租】西二旗 领秀硅谷1区 1室0厅,海淀嘉郡,699元/月,http://bj.58.com/pinpaigongyu/28387952007487x.shtml
【整租】九棵树 北杨洼小区 2室1厅,巩华城站,950元/月,http://bj.58.com/pinpaigongyu/29613791420212x.shtml
【整租】龙泽 龙泽苑 1室0厅,霍营小区,699元/月,http://bj.58.com/pinpaigongyu/28621647525444x.shtml
【合租】胜利 港馨东区 6室次卧,高教大楼,980元/月,http://bj.58.com/pinpaigongyu/29005714442806x.shtml
【整租】沙河 高教大楼 1室0厅,水乡公寓2,700元/月,http://bj.58.com/pinpaigongyu/29274354113602x.shtml
【整租】马连洼 绿苑小区 1室0厅,京东水乡公寓,1000元/月,http://bj.58.com/pinpaigongyu/29604663794611x.shtml
【整租】沙河 高教大楼 1室0厅,水乡公寓,800元/月,http://bj.58.com/pinpaigongyu/29206591353915x.shtml
【整租】沙河 高教大楼 1室0厅,怡芳园,700元/月,http://bj.58.com/pinpaigongyu/29513946285130x.shtml
【整租】西二旗 西二旗 1室0厅,水乡公寓,699元/月,http://bj.58.com/pinpaigongyu/28554713434063x.shtml
【合租】土桥 迎喜家园 4室次卧,观音寺南里,700元/月,http://bj.58.com/pinpaigongyu/29251697340475x.shtml
【整租】沙河 高教大楼 1室0厅,巩华家园,700元/月,http://bj.58.com/pinpaigongyu/29350421890858x.shtml
【整租】万泉河 颐丰庄园 1室0厅,敬园小区,1000元/月,http://bj.58.com/pinpaigongyu/29596681391044x.shtml
【整租】沙河 兆丰家园西区 1室0厅,水乡公寓,699元/月,http://bj.58.com/pinpaigongyu/28188623663535x.shtml
【整租】沙河 高教大楼 1室0厅,西二旗,700元/月,http://bj.58.com/pinpaigongyu/29274356789829x.shtml
【整租】龙泽 龙泽苑 1室0厅,北杨洼小区,699元/月,http://bj.58.com/pinpaigongyu/28187169743419x.shtml
【整租】温泉 福溪家园 1室0厅,新城东里东区,1000元/月,http://bj.58.com/pinpaigongyu/29593352405687x.shtml
【整租】沙河 高教大楼 1室0厅,融泽嘉园6号院,700元/月,http://bj.58.com/pinpaigongyu/29282140162744x.shtml
【整租】梨园 梨园东里北区 4室1厅,高教大楼,600元/月,http://bj.58.com/pinpaigongyu/29384134773166x.shtml
【整租】沙河 高教大楼 1室0厅,高教大楼,700元/月,http://bj.58.com/pinpaigongyu/29471797120073x.shtml
【整租】回龙观 朱辛庄新区 1室0厅,回龙观,699元/月,http://bj.58.com/pinpaigongyu/28496471338043x.shtml
【整租】梨园 葛布店东里 3室1厅,兆丰家园,850元/月,http://bj.58.com/pinpaigongyu/29281548577578x.shtml
【合租】龙泽 融泽嘉园6号院 3室次卧,融泽嘉园6号院,1000元/月,http://bj.58.com/pinpaigongyu/29502758772685x.shtml
【整租】西二旗 铭科苑 1室0厅,高教大楼,699元/月,http://bj.58.com/pinpaigongyu/28598355228109x.shtml
【整租】上地 丰泽盈和 1室0厅,高教大楼,1000元/月,http://bj.58.com/pinpaigongyu/29604777415999x.shtml
【整租】沙河 兆丰家园西区 1室0厅,高教大楼,699元/月,http://bj.58.com/pinpaigongyu/28208926716869x.shtml
【整租】沙河 北街家园五区 1室1厅,高教大楼,700元/月,http://bj.58.com/pinpaigongyu/29337263561409x.shtml
【整租】马连洼 绿苑小区 1室0厅,景和园,1000元/月,http://bj.58.com/pinpaigongyu/29604656561073x.shtml
【合租】梨园 杨家洼小区 3室次卧,港馨东区,900元/月,http://bj.58.com/pinpaigongyu/29639466513090x.shtml
【整租】西二旗 智学苑 1室0厅,生命科学园,699元/月,http://bj.58.com/pinpaigongyu/28154251189827x.shtml
【整租】沙河 兆丰家园西区 1室0厅,高教大楼五区,699元/月,http://bj.58.com/pinpaigongyu/28220163314231x.shtml
【整租】沙河 北街家园五区 1室0厅,北杨洼小区,699元/月,http://bj.58.com/pinpaigongyu/28187133228363x.shtml
【整租】沙河 朱辛庄附近精装公 1室0厅,颐和山庄云锦园,700元/月,http://bj.58.com/pinpaigongyu/28580594291267x.shtml
【整租】上地 丰泽盈和 1室0厅,景欣园,1000元/月,http://bj.58.com/pinpaigongyu/29604795579079x.shtml
【整租】沙河 兆丰家园西区 1室0厅,百旺茉莉园一期,699元/月,http://bj.58.com/pinpaigongyu/28430330832687x.shtml
【合租】玉桥 玉桥西路66号院 2室次卧,朱辛庄新区,1000元/月,http://bj.58.com/pinpaigongyu/29407267232044x.shtml
【整租】沙河 沙河高教园 1室0厅,高教大楼,700元/月,http://bj.58.com/pinpaigongyu/29461675186236x.shtml
【整租】上地 上地三街 1室0厅,博雅德园,699元/月,http://bj.58.com/pinpaigongyu/28176067036878x.shtml
【整租】沙河 高教大楼 1室0厅,燕尚园,700元/月,http://bj.58.com/pinpaigongyu/29315133491910x.shtml
【合租】乔庄 乔庄西区 3室主卧,沙河8号公寓,950元/月,http://bj.58.com/pinpaigongyu/29639959101127x.shtml
【合租】梨园 云景里 3室主卧,梨园北小区,900元/月,http://bj.58.com/pinpaigongyu/29339705523395x.shtml
【整租】上地 上地东里 1室0厅,高教大楼,699元/月,http://bj.58.com/pinpaigongyu/28175880074289x.shtml
【合租】梨园 映翠居小区 2室主卧,上地西里,800元/月,http://bj.58.com/pinpaigongyu/29646834507594x.shtml
【整租】梨园 云景里 3室1厅,景欣园,850元/月,http://bj.58.com/pinpaigongyu/29359661032015x.shtml
【整租】沙河 高教大楼 1室0厅,智学苑,700元/月,http://bj.58.com/pinpaigongyu/29217406323510x.shtml
【整租】马连洼 紫成嘉园 1室0厅,水乡公寓1,1000元/月,http://bj.58.com/pinpaigongyu/29604734202316x.shtml
【合租】梨园 时尚街区 3室主卧,京东水乡公寓,800元/月,http://bj.58.com/pinpaigongyu/29639799607228x.shtml
【整租】上地 上地东里 1室0厅,水乡公寓1,699元/月,http://bj.58.com/pinpaigongyu/28268535148607x.shtml
【整租】龙泽 融泽嘉园 2室1厅,龙博苑二区,820元/月,http://bj.58.com/pinpaigongyu/29370366540739x.shtml
【整租】沙河 巩华城站 1室0厅,水乡公寓,699元/月,http://bj.58.com/pinpaigongyu/28175804626502x.shtml
【整租】沙河 高教大楼 1室0厅,水乡公寓2,700元/月,http://bj.58.com/pinpaigongyu/29370834456885x.shtml
【整租】上地 上地七街 1室0厅,京东水乡公寓,699元/月,http://bj.58.com/pinpaigongyu/28620468914256x.shtml
【整租】土桥 华远铭悦 3室1厅,龙博苑二区,950元/月,http://bj.58.com/pinpaigongyu/29381296131897x.shtml
【整租】沙河 北街家园五区 1室0厅,兆丰家园东区,699元/月,http://bj.58.com/pinpaigongyu/28554724312261x.shtml
【整租】上地 辉煌国际 1室0厅,龙博苑二区,699元/月,http://bj.58.com/pinpaigongyu/28231112190920x.shtml
【合租】梨园 云景西里 2室次卧,兆丰家园西区,950元/月,http://bj.58.com/pinpaigongyu/29416391681582x.shtml
【整租】沙河 高教大楼 1室0厅,高教大楼,700元/月,http://bj.58.com/pinpaigongyu/29370851255871x.shtml
【合租】龙泽 融泽嘉园2号院 4室次卧,高教大楼,850元/月,http://bj.58.com/pinpaigongyu/29691228088906x.shtml
【整租】沙河 兆丰家园 1室0厅,巩华城站,699元/月,http://bj.58.com/pinpaigongyu/28187080260151x.shtml
【整租】沙河 高教大楼 1室0厅,高教大楼,700元/月,http://bj.58.com/pinpaigongyu/29481553313717x.shtml
【合租】海淀周边 海淀嘉郡 3室主卧,兆丰家园西区,1000元/月,http://bj.58.com/pinpaigongyu/29647385624267x.shtml
【整租】沙河 高教大楼 1室0厅,高教大楼五区,700元/月,http://bj.58.com/pinpaigongyu/29315189949237x.shtml
【合租】梨园 梨园北小区 3室次卧,葛布店东里,900元/月,http://bj.58.com/pinpaigongyu/29639440046907x.shtml
【整租】沙河 南邵 1室0厅,西二旗,699元/月,http://bj.58.com/pinpaigongyu/28166517265592x.shtml
【合租】新华大街 天桥湾 3室次卧,葛布店东里,700元/月,http://bj.58.com/pinpaigongyu/29639931029056x.shtml
【整租】西二旗 西二旗 1室0厅,水乡公寓,699元/月,http://bj.58.com/pinpaigongyu/28598374341826x.shtml
【整租】马连洼 永丰嘉园 1室0厅,紫金新干线四区,1000元/月,http://bj.58.com/pinpaigongyu/29596803542579x.shtml
【整租】西二旗 燕尚园 1室0厅,龙博苑二区,699元/月,http://bj.58.com/pinpaigongyu/28188679085880x.shtml
【整租】上地 千秋家园 1室0厅,水乡公寓2,1000元/月,http://bj.58.com/pinpaigongyu/29593596396233x.shtml
【整租】马连洼 春晖园 1室0厅,京东水乡公寓,1000元/月,http://bj.58.com/pinpaigongyu/29604374694078x.shtml
【整租】沙河 高教大楼 1室1厅,水乡公寓,700元/月,http://bj.58.com/pinpaigongyu/29425797170742x.shtml
【整租】龙泽 融泽嘉园 1室0厅,水乡公寓,699元/月,http://bj.58.com/pinpaigongyu/28587457147329x.shtml
【整租】温泉 福溪家园 1室0厅,水乡公寓2,1000元/月,http://bj.58.com/pinpaigongyu/29593370604739x.shtml
【整租】西二旗 西二旗小区 1室0厅,京东水乡公寓,699元/月,http://bj.58.com/pinpaigongyu/28308862132286x.shtml
【合租】梨园 孙王场小区 3室主卧,水乡公寓,1000元/月,http://bj.58.com/pinpaigongyu/29639434246316x.shtml
【合租】梨园 梨园小镇 3室主卧,龙泽苑,950元/月,http://bj.58.com/pinpaigongyu/29384173914670x.shtml
【整租】沙河 高教大楼 1室0厅,玉桥西里70号院,700元/月,http://bj.58.com/pinpaigongyu/29217403061550x.shtml
【整租】梨园 云景东路 3室0厅,南邵,950元/月,http://bj.58.com/pinpaigongyu/29403860710838x.shtml
【合租】土桥 太玉园西区 2室次卧,巩华城站,900元/月,http://bj.58.com/pinpaigongyu/29407202144444x.shtml
【整租】沙河 高教大楼 1室0厅,西二旗,800元/月,http://bj.58.com/pinpaigongyu/29206575610429x.shtml
【整租】西二旗 领秀硅谷 1室0厅,生命科学园,699元/月,http://bj.58.com/pinpaigongyu/28299692121276x.shtml
【合租】梨园 葛布店东里 3室次卧,霍营,900元/月,http://bj.58.com/pinpaigongyu/29647206017326x.shtml
【合租】梨园 葛布店东里 3室次卧,高教大楼,950元/月,http://bj.58.com/pinpaigongyu/29639474992056x.shtml
【整租】沙河 高教大楼 1室0厅,葛布店东里,700元/月,http://bj.58.com/pinpaigongyu/29471807809212x.shtml
【整租】沙河 高教大楼 1室0厅,颐和山庄紫霄园,700元/月,http://bj.58.com/pinpaigongyu/29481807110315x.shtml
【整租】龙泽 龙泽苑 1室0厅,水乡公寓,699元/月,http://bj.58.com/pinpaigongyu/28209001182889x.shtml
【整租】回龙观 融泽嘉园二号院 1室0厅,龙博苑二区,820元/月,http://bj.58.com/pinpaigongyu/29381265470524x.shtml
【合租】梨园 梨园北小区 3室次卧,京东水乡公寓,900元/月,http://bj.58.com/pinpaigongyu/29680483787050x.shtml
【合租】新华大街 东方生活区 4室次卧,龙博苑二区,900元/月,http://bj.58.com/pinpaigongyu/29381384081088x.shtml
【整租】沙河 高教大楼 1室0厅,京东水乡公寓,700元/月,http://bj.58.com/pinpaigongyu/29326681223468x.shtml
【整租】沙河 生命科学园 1室0厅,京东水乡公寓,699元/月,http://bj.58.com/pinpaigongyu/28187188910017x.shtml
【整租】沙河 高教大楼 1室0厅,水乡公寓2,700元/月,http://bj.58.com/pinpaigongyu/29360126498117x.shtml
【整租】上地 辉煌国际 1室0厅,水乡公寓,699元/月,http://bj.58.com/pinpaigongyu/28496394165834x.shtml
【合租】长阳 广悦居 3室次卧,龙博苑二区,1000元/月,http://bj.58.com/pinpaigongyu/29626766191409x.shtml
【整租】上地 丰泽盈和 1室0厅,水乡公寓1,1000元/月,http://bj.58.com/pinpaigongyu/29604749897927x.shtml
【整租】回龙观 回龙观城北 1室0厅,翠屏北里东区,699元/月,http://bj.58.com/pinpaigongyu/28175860445894x.shtml
【整租】沙河 高教大楼 1室0厅,高教大楼,700元/月,http://bj.58.com/pinpaigongyu/29252291190198x.shtml
【整租】沙河 北街家园 1室0厅,宏丰西路1号院,699元/月,http://bj.58.com/pinpaigongyu/28299185618615x.shtml
【整租】沙河 北街家园六区 1室0厅,颐丰庄园,699元/月,http://bj.58.com/pinpaigongyu/28621611323701x.shtml
【整租】回龙观 回龙观东大街 1室0厅,高教大楼,699元/月,http://bj.58.com/pinpaigongyu/29304746939085x.shtml
【合租】土桥 方恒东景 2室主卧,高教大楼,950元/月,http://bj.58.com/pinpaigongyu/29581322881592x.shtml
【整租】上地 上地西里 1室0厅,百旺茉莉园一期,699元/月,http://bj.58.com/pinpaigongyu/28175928573899x.shtml
【整租】沙河 沙河高教园 1室0厅,滨河小区(顺义),700元/月,http://bj.58.com/pinpaigongyu/29437168574267x.shtml
【整租】西二旗 西二旗 1室0厅,巩华城公寓,699元/月,http://bj.58.com/pinpaigongyu/28575681054528x.shtml
【整租】沙河 高教大楼 1室0厅,高教大楼,700元/月,http://bj.58.com/pinpaigongyu/29250758334770x.shtml
【整租】沙河 高教大楼 1室0厅,龙博苑二区,700元/月,http://bj.58.com/pinpaigongyu/29250758334770x.shtml
【整租】沙河 高教大楼 1室0厅,龙博苑二区,700元/月,http://bj.58.com/pinpaigongyu/29481418631230x.shtml
【整租】西二旗 高教大楼五区 1室0厅,水乡公寓1,700元/月,http://bj.58.com/pinpaigongyu/29217401577923x.shtml
【整租】沙河 高教大楼 1室0厅,京东水乡公寓,700元/月,http://bj.58.com/pinpaigongyu/29295942307389x.shtml
【整租】回龙观 朱辛庄新区 1室0厅,水乡公寓,699元/月,http://bj.58.com/pinpaigongyu/28175814141645x.shtml
【整租】沙河 生命科学园 1室0厅,水乡公寓,699元/月,http://bj.58.com/pinpaigongyu/28320804834729x.shtml
【整租】回龙观 朱辛庄新区 1室0厅,龙博苑二区,699元/月,http://bj.58.com/pinpaigongyu/28157440763198x.shtml
【整租】沙河 高教大楼 1室0厅,水乡公寓,700元/月,http://bj.58.com/pinpaigongyu/29274352787511x.shtml
【合租】马坡 佳和宜园 4室次卧,润枫领尚,920元/月,http://bj.58.com/pinpaigongyu/29405473677381x.shtml
【合租】梨园 孙王场小区 3室次卧,水乡公寓2,1000元/月,http://bj.58.com/pinpaigongyu/29681517909547x.shtml
【整租】龙泽 龙泽苑 1室0厅,高教大楼,699元/月,http://bj.58.com/pinpaigongyu/28167015345229x.shtml
【整租】沙河 高教大楼 1室0厅,高教大楼,800元/月,http://bj.58.com/pinpaigongyu/29295807226166x.shtml
【整租】西二旗 智学苑 1室0厅,生命科学园,699元/月,http://bj.58.com/pinpaigongyu/28264922466986x.shtml
【整租】沙河 北街家园五区公寓 1室0厅,绿苑小区,700元/月,http://bj.58.com/pinpaigongyu/28580683346889x.shtml
【整租】沙河 生命科学园 1室0厅,高教大楼,699元/月,http://bj.58.com/pinpaigongyu/28309548728265x.shtml
【整租】西北旺 颐和山庄紫霄园 1室0厅,南邵,1000元/月,http://bj.58.com/pinpaigongyu/29596564182326x.shtml
【合租】九棵树 小搞村小区 3室次卧,海淀嘉郡,600元/月,http://bj.58.com/pinpaigongyu/29384069031239x.shtml
【整租】上地 上地南路 1室0厅,巩华城站,699元/月,http://bj.58.com/pinpaigongyu/28430627137474x.shtml
【整租】沙河 南邵 1室0厅,霍营小区,699元/月,http://bj.58.com/pinpaigongyu/28231244374065x.shtml
【合租】梨园 梨园东里 3室次卧,高教大楼,800元/月,http://bj.58.com/pinpaigongyu/29647166257345x.shtml
【整租】沙河 巩华城 1室0厅,水乡公寓2,699元/月,http://bj.58.com/pinpaigongyu/28618813652154x.shtml
【整租】马连洼 西北旺永丰屯 1室0厅,京东水乡公寓,1000元/月,http://bj.58.com/pinpaigongyu/29239975306960x.shtml
【整租】沙河 高教大楼 1室0厅,水乡公寓,700元/月,http://bj.58.com/pinpaigongyu/29274364096566x.shtml
【合租】乔庄 乔庄西区 3室次卧,怡芳园,950元/月,http://bj.58.com/pinpaigongyu/29658295293763x.shtml
【合租】九棵树 北杨洼小区 2室主卧,水乡公寓,1000元/月,http://bj.58.com/pinpaigongyu/29658272055098x.shtml
【合租】梨园 梨园北小区 3室主卧,观音寺南里,1000元/月,http://bj.58.com/pinpaigongyu/29339741351359x.shtml
【合租】密云城区 密云果园北区 1室主卧,巩华家园,600元/月,http://bj.58.com/pinpaigongyu/29658129808842x.shtml
【整租】沙河 高教大楼 1室0厅,敬园小区,700元/月,http://bj.58.com/pinpaigongyu/29274362214826x.shtml
【整租】回龙观 回龙观 1室0厅,水乡公寓,699元/月,http://bj.58.com/pinpaigongyu/28554792080049x.shtml
【整租】回龙观 朱辛庄 1室0厅,西二旗,699元/月,http://bj.58.com/pinpaigongyu/28454197022379x.shtml
【合租】胜利 港馨家园西区 5室次卧,北杨洼小区,890元/月,http://bj.58.com/pinpaigongyu/29481339610171x.shtml
【整租】西二旗 智学苑 1室0厅,新城东里东区,699元/月,http://bj.58.com/pinpaigongyu/28155742578639x.shtml
【整租】沙河 高教大楼 1室0厅,融泽嘉园6号院,700元/月,http://bj.58.com/pinpaigongyu/29295939649480x.shtml
【整租】沙河 兆丰家园西区 1室0厅,高教大楼,699元/月,http://bj.58.com/pinpaigongyu/28155013719469x.shtml
【整租】沙河 沙河高教园 1室0厅,高教大楼,700元/月,http://bj.58.com/pinpaigongyu/29315227313338x.shtml
【整租】马连洼 永丰嘉园 1室0厅,回龙观,1000元/月,http://bj.58.com/pinpaigongyu/29596788800705x.shtml
【合租】中仓 新城东里东区 3室主卧,兆丰家园,800元/月,http://bj.58.com/pinpaigongyu/29640078077609x.shtml
【整租】沙河 朱辛庄附近公寓 1室0厅,融泽嘉园6号院,700元/月,http://bj.58.com/pinpaigongyu/28580675941058x.shtml
【整租】沙河 高教大楼 1室0厅,高教大楼,699元/月,http://bj.58.com/pinpaigongyu/28308899098942x.shtml
【整租】沙河 高教大楼 1室0厅,高教大楼,700元/月,http://bj.58.com/pinpaigongyu/29481540281544x.shtml
【合租】玉桥 玉桥西里70号院 2室主卧,高教大楼,950元/月,http://bj.58.com/pinpaigongyu/29426270355019x.shtml
【整租】梨园 云景里 4室1厅,高教大楼,950元/月,http://bj.58.com/pinpaigongyu/29381411534257x.shtml
【整租】上地 上地东里 1室1厅,景和园,699元/月,http://bj.58.com/pinpaigongyu/28231193892026x.shtml
【整租】沙河 北街家园五区 1室1厅,港馨东区,700元/月,http://bj.58.com/pinpaigongyu/29337286286125x.shtml
【整租】沙河 高教大楼 1室0厅,生命科学园,700元/月,http://bj.58.com/pinpaigongyu/29471823263432x.shtml
【整租】沙河 沙河 1室0厅,高教大楼五区,699元/月,http://bj.58.com/pinpaigongyu/28199964528453x.shtml
【整租】西二旗 西二旗 1室0厅,北杨洼小区,699元/月,http://bj.58.com/pinpaigongyu/28211233238577x.shtml
【整租】沙河 兆丰家园西区 1室0厅,颐和山庄云锦园,699元/月,http://bj.58.com/pinpaigongyu/28554766476614x.shtml
【整租】西二旗 铭科苑 1室0厅,景欣园,699元/月,http://bj.58.com/pinpaigongyu/28155727869260x.shtml
【合租】九棵树 景欣园 2室主卧,百旺茉莉园一期,1000元/月,http://bj.58.com/pinpaigongyu/29679914596546x.shtml
【整租】沙河 巩华城站 1室0厅,朱辛庄新区,699元/月,http://bj.58.com/pinpaigongyu/28264901197632x.shtml
【整租】沙河 生命科学园 1室0厅,高教大楼,699元/月,http://bj.58.com/pinpaigongyu/28208952238634x.shtml
【整租】沙河 高教大楼 1室0厅,博雅德园,700元/月,http://bj.58.com/pinpaigongyu/29481325349816x.shtml
【整租】沙河 高教大楼 1室0厅,燕尚园,700元/月,http://bj.58.com/pinpaigongyu/29425771224109x.shtml
【整租】梨园 梨园镇政府家属楼 2室1厅,沙河8号公寓,800元/月,http://bj.58.com/pinpaigongyu/29647213616191x.shtml
【整租】回龙观 龙泽大厦 1室0厅,梨园北小区,699元/月,http://bj.58.com/pinpaigongyu/28156917445181x.shtml
【整租】沙河 高教大楼 1室0厅,高教大楼,700元/月,http://bj.58.com/pinpaigongyu/29514894155574x.shtml
【整租】沙河 高教大楼 1室0厅,上地西里,700元/月,http://bj.58.com/pinpaigongyu/29481303526990x.shtml
【合租】九棵树 北杨洼小区 2室次卧,景欣园,900元/月,http://bj.58.com/pinpaigongyu/29416339285678x.shtml
【整租】沙河 北街家园五区 1室0厅,智学苑,700元/月,http://bj.58.com/pinpaigongyu/29337252878657x.shtml
【合租】土桥 迎喜家园 4室次卧,北七家平西府,650元/月,http://bj.58.com/pinpaigongyu/29626609979695x.shtml
【整租】沙河 巩华城站 1室0厅,高教大楼,699元/月,http://bj.58.com/pinpaigongyu/28320847342661x.shtml
【整租】沙河 高教大楼 1室0厅,高教大楼,700元/月,http://bj.58.com/pinpaigongyu/29217399524923x.shtml
【整租】沙河 高教大楼 1室1厅,西二旗小区,700元/月,http://bj.58.com/pinpaigongyu/29425781479724x.shtml
【整租】沙河 高教大楼 1室0厅,高教大楼五区,800元/月,http://bj.58.com/pinpaigongyu/29206581724849x.shtml
【整租】沙河 兆丰家园西区 1室0厅,宏丰西路1号院,699元/月,http://bj.58.com/pinpaigongyu/28199813011138x.shtml
【整租】北七家 平西府工业园 1室0厅,高教大楼五区,699元/月,http://bj.58.com/pinpaigongyu/28164879769798x.shtml
【整租】西二旗 领秀硅谷 1室0厅,北街家园五区,699元/月,http://bj.58.com/pinpaigongyu/28211243477054x.shtml
【整租】沙河 兆丰家园西区 1室0厅,上地西里,699元/月,http://bj.58.com/pinpaigongyu/28299197412548x.shtml
【合租】梨园 梨园小镇 3室主卧,高教大楼,1000元/月,http://bj.58.com/pinpaigongyu/29640037263805x.shtml
【整租】回龙观 龙泽大厦 1室0厅,高教大楼,699元/月,http://bj.58.com/pinpaigongyu/28187113705927x.shtml
【整租】回龙观 龙泽大厦 1室0厅,高教大楼,699元/月,http://bj.58.com/pinpaigongyu/28588854113193x.shtml
【整租】沙河 沙河高教园 1室0厅,高教大楼,700元/月,http://bj.58.com/pinpaigongyu/29481283275343x.shtml
【整租】上地 千秋家园 1室0厅,北街家园,1000元/月,http://bj.58.com/pinpaigongyu/29593621191879x.shtml
【整租】梨园 梨花园 3室1厅,上地东里,1000元/月,http://bj.58.com/pinpaigongyu/29639689823036x.shtml
【整租】沙河 生命科学园 1室0厅,朱辛庄,699元/月,http://bj.58.com/pinpaigongyu/28155568841927x.shtml
【整租】沙河 北街家园 1室0厅,北街家园五区,699元/月,http://bj.58.com/pinpaigongyu/28454568134709x.shtml
【整租】西北旺 永旺家园 1室0厅,高教大楼,1000元/月,http://bj.58.com/pinpaigongyu/29603749220944x.shtml
【合租】土桥 太玉园东区 4室次卧,南邵,900元/月,http://bj.58.com/pinpaigongyu/29381278076604x.shtml
【整租】温泉 宏丰西路一号院( 1室0厅,艺苑西街小区,1000元/月,http://bj.58.com/pinpaigongyu/29239910409278x.shtml
