【整租】西二旗 高教大楼五区 1室0厅,700元/月,高教大楼五区,http://bj.58.com/pinpaigongyu/29647311956036x.shtml
【整租】西二旗 西二旗小区 1室0厅,699元/月,西二旗小区,http://bj.58.com/pinpaigongyu/29591625695690x.shtml
【整租】沙河 沙河高教园 1室0厅,700元/月,沙河高教园,http://bj.58.com/pinpaigongyu/29658156434606x.shtml
【整租】西二旗 高教大楼五区 1室0厅,700元/月,高教大楼五区,http://bj.58.com/pinpaigongyu/29671762993102x.shtml
【整租】西二旗 高教大楼五区 1室0厅,700元/月,高教大楼五区,http://bj.58.com/pinpaigongyu/29625140429262x.shtml
【整租】回龙观 朱辛庄地铁口旁公 1室0厅,699元/月,朱辛庄地铁口旁公,http://bj.58.com/pinpaigongyu/29591707263556x.shtml
【整租】西二旗 高教大楼五区 1室0厅,700元/月,高教大楼五区,http://bj.58.com/pinpaigongyu/29671756709802x.shtml
【整租】沙河 高教大楼 1室0厅,700元/月,高教大楼,http://bj.58.com/pinpaigongyu/29671735752656x.shtml
【整租】常营 水乡公寓 1室0厅,900元/月,水乡公寓,http://bj.58.com/pinpaigongyu/29640923939005x.shtml
【整租】回龙观 朱辛庄新区 1室0厅,700元/月,朱辛庄新区,http://bj.58.com/pinpaigongyu/29624967558219x.shtml
【整租】沙河 高教大楼 1室0厅,700元/月,高教大楼,http://bj.58.com/pinpaigongyu/29174741284278x.shtml
【整租】上地 上地东里 1室0厅,699元/月,上地东里,http://bj.58.com/pinpaigongyu/28175880074289x.shtml
【整租】西北旺 夏霖园 1室0厅,1000元/月,夏霖园,http://bj.58.com/pinpaigongyu/29604483886004x.shtml
【整租】马连洼 永丰嘉园 1室0厅,1000元/月,永丰嘉园,http://bj.58.com/pinpaigongyu/29603708846393x.shtml
【整租】回龙观 朱辛庄新区 1室0厅,699元/月,朱辛庄新区,http://bj.58.com/pinpaigongyu/28554869749418x.shtml
【整租】西二旗 燕尚园 1室0厅,699元/月,燕尚园,http://bj.58.com/pinpaigongyu/28210480892221x.shtml
【整租】西二旗 高教大楼五区 1室1厅,700元/月,高教大楼五区,http://bj.58.com/pinpaigongyu/29425840199241x.shtml
【整租】西二旗 西二旗小区 1室0厅,699元/月,西二旗小区,http://bj.58.com/pinpaigongyu/28496463755339x.shtml
【整租】沙河 巩华城站 1室0厅,699元/月,巩华城站,http://bj.58.com/pinpaigongyu/28320847342661x.shtml
【合租】梨园 云景西里南区 3室主卧,950元/月,云景西里南区,http://bj.58.com/pinpaigongyu/29640082850752x.shtml
【整租】西二旗 高教大楼五区 1室0厅,700元/月,高教大楼五区,http://bj.58.com/pinpaigongyu/29671756709802x.shtml
【整租】沙河 高教大楼 1室0厅,700元/月,西二旗小区,http://bj.58.com/pinpaigongyu/29671735752656x.shtml
【整租】常营 水乡公寓 1室0厅,900元/月,沙河高教园,http://bj.58.com/pinpaigongyu/29640923939005x.shtml
【整租】回龙观 朱辛庄新区 1室0厅,700元/月,高教大楼五区,http://bj.58.com/pinpaigongyu/29624967558219x.shtml
【合租】黄村 观音寺南里 3室次卧,980元/月,高教大楼五区,http://bj.58.com/pinpaigongyu/28789385913268x.shtml
【整租】沙河 高教大楼 1室0厅,750元/月,朱辛庄地铁口旁公,http://bj.58.com/pinpaigongyu/29602932081085x.shtml
【整租】西三旗 西小口91号院 1室0厅,700元/月,高教大楼五区,http://bj.58.com/pinpaigongyu/29639000340276x.shtml
【整租】西二旗 高教大楼五区 1室0厅,700元/月,高教大楼,http://bj.58.com/pinpaigongyu/29657678768182x.shtml
【整租】上地 上地三街 1室0厅,699元/月,水乡公寓,http://bj.58.com/pinpaigongyu/29591782703556x.shtml
【整租】西二旗 高教大楼五区 1室0厅,750元/月,朱辛庄新区,http://bj.58.com/pinpaigongyu/29602967194175x.shtml
【整租】西二旗 回龙观新村 1室0厅,699元/月,高教大楼,http://bj.58.com/pinpaigongyu/28242380568892x.shtml
【整租】上地 丰润佳园 1室0厅,699元/月,上地东里,http://bj.58.com/pinpaigongyu/28387968079405x.shtml
【整租】沙河 巩华城站 1室0厅,699元/月,夏霖园,http://bj.58.com/pinpaigongyu/28188644941245x.shtml
【整租】马连洼 永丰嘉园 1室0厅,1000元/月,永丰嘉园,http://bj.58.com/pinpaigongyu/29596788800705x.shtml
【整租】中关村 环保嘉苑 1室0厅,1000元/月,朱辛庄新区,http://bj.58.com/pinpaigongyu/29593253908012x.shtml
【整租】沙河 高教大楼 1室0厅,700元/月,燕尚园,http://bj.58.com/pinpaigongyu/29217406323510x.shtml
【合租】梨园 梨园东里 3室次卧,800元/月,高教大楼五区,http://bj.58.com/pinpaigongyu/29647166257345x.shtml
【整租】西二旗 西二旗 1室0厅,699元/月,西二旗小区,http://bj.58.com/pinpaigongyu/28209173479743x.shtml
【整租】西二旗 西二旗 1室0厅,699元/月,巩华城站,http://bj.58.com/pinpaigongyu/28164892003145x.shtml
【整租】西二旗 智学苑 1室0厅,699元/月,云景西里南区,http://bj.58.com/pinpaigongyu/28155742578639x.shtml
【整租】西二旗 高教大楼五区 1室0厅,750元/月,高教大楼五区,http://bj.58.com/pinpaigongyu/29602967194175x.shtml
【整租】东坝 水乡公寓2 1室0厅,900元/月,高教大楼,http://bj.58.com/pinpaigongyu/29381983306670x.shtml
【整租】回龙观 朱辛庄新区 1室0厅,700元/月,水乡公寓,http://bj.58.com/pinpaigongyu/29658578964787x.shtml
【整租】西二旗 高教大楼五区 1室0厅,700元/月,朱辛庄新区,http://bj.58.com/pinpaigongyu/29602703329345x.shtml
【合租】常营 水乡公寓 1室主卧,900元/月,观音寺南里,http://bj.58.com/pinpaigongyu/29459769262784x.shtml
【整租】西二旗 高教大楼五区 1室0厅,750元/月,高教大楼,http://bj.58.com/pinpaigongyu/29581724900167x.shtml
【整租】沙河 高教大楼 1室0厅,750元/月,西小口91号院,http://bj.58.com/pinpaigongyu/29602956266823x.shtml
【整租】西二旗 高教大楼五区 1室0厅,700元/月,高教大楼五区,http://bj.58.com/pinpaigongyu/29561948424757x.shtml
【整租】回龙观 朱辛庄新区 1室0厅,700元/月,上地三街,http://bj.58.com/pinpaigongyu/29647489110222x.shtml
【整租】上地 高教大楼五区 1室0厅,700元/月,高教大楼五区,http://bj.58.com/pinpaigongyu/29651548452932x.shtml
【合租】玉桥 玉桥西路66号院 2室次卧,1000元/月,回龙观新村,http://bj.58.com/pinpaigongyu/29407267232044x.shtml
【整租】沙河 兆丰家园西区 1室0厅,699元/月,丰润佳园,http://bj.58.com/pinpaigongyu/28308854323249x.shtml
【整租】沙河 高教大楼 1室0厅,700元/月,巩华城站,http://bj.58.com/pinpaigongyu/29282160044202x.shtml
【整租】万泉河 颐丰庄园 1室0厅,1000元/月,永丰嘉园,http://bj.58.com/pinpaigongyu/29596681391044x.shtml
【合租】梨园 孙王场小区 3室主卧,1000元/月,环保嘉苑,http://bj.58.com/pinpaigongyu/29639434246316x.shtml
【合租】梨园 云景西里 2室次卧,950元/月,高教大楼,http://bj.58.com/pinpaigongyu/29407426811327x.shtml
【整租】沙河 巩华城站 1室0厅,699元/月,梨园东里,http://bj.58.com/pinpaigongyu/28588843610927x.shtml
【合租】梨园 孙王场小区 2室主卧,1000元/月,西二旗,http://bj.58.com/pinpaigongyu/29426232950980x.shtml
【整租】回龙观 朱辛庄 1室0厅,699元/月,西二旗,http://bj.58.com/pinpaigongyu/28220071646636x.shtml
【整租】沙河 北街家园 1室0厅,700元/月,智学苑,http://bj.58.com/pinpaigongyu/29370978973500x.shtml
【整租】沙河 高教大楼 1室0厅,700元/月,高教大楼五区,http://bj.58.com/pinpaigongyu/29638234640443x.shtml
【整租】西三旗 育新花园 1室0厅,700元/月,西二旗小区,http://bj.58.com/pinpaigongyu/29639125428559x.shtml
【整租】清河 永泰庄23号院 1室0厅,700元/月,沙河高教园,http://bj.58.com/pinpaigongyu/29625008869299x.shtml
【整租】西二旗 高教大楼五区 1室0厅,700元/月,高教大楼五区,http://bj.58.com/pinpaigongyu/29581291927477x.shtml
【整租】沙河 巩华城站 1室0厅,699元/月,高教大楼五区,http://bj.58.com/pinpaigongyu/29573837159885x.shtml
【整租】沙河 高教大楼 1室0厅,700元/月,朱辛庄地铁口旁公,http://bj.58.com/pinpaigongyu/29581200209228x.shtml
【整租】东坝 京东水乡公寓 1室0厅,1000元/月,高教大楼五区,http://bj.58.com/pinpaigongyu/29537094452536x.shtml
【整租】西二旗 高教大楼五区 1室0厅,700元/月,高教大楼,http://bj.58.com/pinpaigongyu/29646614981566x.shtml
【整租】西二旗 高教大楼五区 1室0厅,699元/月,水乡公寓,http://bj.58.com/pinpaigongyu/29580670545991x.shtml
【整租】西二旗 西二旗小区 1室0厅,699元/月,朱辛庄新区,http://bj.58.com/pinpaigongyu/29591829090253x.shtml
【整租】西北旺 颐和山庄紫霄园 1室0厅,1000元/月,高教大楼,http://bj.58.com/pinpaigongyu/29595229279791x.shtml
【整租】沙河 高教大楼 1室0厅,700元/月,上地东里,http://bj.58.com/pinpaigongyu/29481733669067x.shtml
【合租】马坡 泰和宜园 4室次卧,850元/月,夏霖园,http://bj.58.com/pinpaigongyu/29483010906670x.shtml
【合租】长阳 广悦居 3室次卧,1000元/月,永丰嘉园,http://bj.58.com/pinpaigongyu/29626766191409x.shtml
【整租】沙河 高教大楼 1室0厅,700元/月,朱辛庄新区,http://bj.58.com/pinpaigongyu/29481303526990x.shtml
【整租】沙河 巩华城站 1室0厅,699元/月,燕尚园,http://bj.58.com/pinpaigongyu/28454173187786x.shtml
【整租】沙河 生命科学园 1室0厅,699元/月,高教大楼五区,http://bj.58.com/pinpaigongyu/28309548728265x.shtml
【整租】沙河 高教大楼 1室0厅,800元/月,西二旗小区,http://bj.58.com/pinpaigongyu/29206592833468x.shtml
【整租】沙河 高教大楼 1室0厅,700元/月,巩华城站,http://bj.58.com/pinpaigongyu/29326680010063x.shtml
【整租】沙河 高教大楼 1室0厅,700元/月,云景西里南区,http://bj.58.com/pinpaigongyu/29315135119933x.shtml
【整租】沙河 高教大楼 1室0厅,750元/月,高教大楼五区,http://bj.58.com/pinpaigongyu/29569476181038x.shtml
【整租】沙河 高教大楼 1室0厅,700元/月,高教大楼,http://bj.58.com/pinpaigongyu/29603169569484x.shtml
【整租】西二旗 高教大楼五区 1室0厅,750元/月,水乡公寓,http://bj.58.com/pinpaigongyu/29603005605675x.shtml
【整租】西二旗 西二旗小区 1室0厅,700元/月,朱辛庄新区,http://bj.58.com/pinpaigongyu/29639056791732x.shtml
【整租】西二旗 高教大楼五区 1室0厅,750元/月,观音寺南里,http://bj.58.com/pinpaigongyu/29581783630144x.shtml
【整租】西二旗 高教大楼五区 1室0厅,700元/月,高教大楼,http://bj.58.com/pinpaigongyu/29668779154876x.shtml
【合租】回龙观 龙博苑二区 3室次卧,800元/月,西小口91号院,http://bj.58.com/pinpaigongyu/29657645210436x.shtml
【整租】西二旗 高教大楼五区 1室0厅,700元/月,高教大楼五区,http://bj.58.com/pinpaigongyu/29573750137796x.shtml
【整租】西二旗 高教大楼五区 1室0厅,700元/月,上地三街,http://bj.58.com/pinpaigongyu/29602756155468x.shtml
【整租】沙河 高教大楼 1室0厅,750元/月,高教大楼五区,http://bj.58.com/pinpaigongyu/29581797060919x.shtml
【合租】梨园 孙王场小区 2室次卧,1000元/月,回龙观新村,http://bj.58.com/pinpaigongyu/29637478435898x.shtml
【整租】回龙观 龙泽大厦 1室0厅,699元/月,丰润佳园,http://bj.58.com/pinpaigongyu/28231294548406x.shtml
【整租】沙河 兆丰家园西区 1室0厅,699元/月,巩华城站,http://bj.58.com/pinpaigongyu/28220163314231x.shtml
【整租】沙河 北街家园六区 1室0厅,699元/月,永丰嘉园,http://bj.58.com/pinpaigongyu/28621611323701x.shtml
【整租】西二旗 高教大楼五区 1室0厅,700元/月,环保嘉苑,http://bj.58.com/pinpaigongyu/29217401577923x.shtml
【整租】中关村 环保嘉苑 1室0厅,1000元/月,高教大楼,http://bj.58.com/pinpaigongyu/29593274556487x.shtml
【整租】沙河 高教大楼 1室0厅,800元/月,梨园东里,http://bj.58.com/pinpaigongyu/29250752606408x.shtml
【整租】上地 上地西里 1室0厅,699元/月,西二旗,http://bj.58.com/pinpaigongyu/28399364682424x.shtml
【整租】上地 首创悦蓉汇 1室0厅,1000元/月,西二旗,http://bj.58.com/pinpaigongyu/29603739076410x.shtml
【整租】西二旗 西二旗 1室0厅,699元/月,智学苑,http://bj.58.com/pinpaigongyu/28598374341826x.shtml
【整租】上地 上地东里 1室0厅,700元/月,高教大楼五区,http://bj.58.com/pinpaigongyu/29658565949999x.shtml
【整租】西二旗 高教大楼五区 1室0厅,750元/月,水乡公寓2,http://bj.58.com/pinpaigongyu/29647446402876x.shtml
【整租】西三旗 育新花园 1室0厅,700元/月,朱辛庄新区,http://bj.58.com/pinpaigongyu/29657633799880x.shtml
【整租】沙河 高教大楼 1室0厅,700元/月,高教大楼五区,http://bj.58.com/pinpaigongyu/29671713692613x.shtml
【整租】西二旗 西二旗小区 1室0厅,700元/月,水乡公寓,http://bj.58.com/pinpaigongyu/29658494930244x.shtml
【整租】西二旗 高教大楼五区 1室0厅,700元/月,高教大楼五区,http://bj.58.com/pinpaigongyu/29646795190969x.shtml
【整租】上地 上地佳园 1室0厅,700元/月,高教大楼,http://bj.58.com/pinpaigongyu/29658249001645x.shtml
【整租】西二旗 高教大楼五区 1室0厅,700元/月,高教大楼五区,http://bj.58.com/pinpaigongyu/29671749168307x.shtml
【合租】沙河 巩华家园 3室主卧,960元/月,朱辛庄新区,http://bj.58.com/pinpaigongyu/29635995337424x.shtml
【整租】西二旗 西二旗小区 1室0厅,699元/月,高教大楼五区,http://bj.58.com/pinpaigongyu/29580721507511x.shtml
【整租】西北旺 颐和山庄云锦园 1室0厅,1000元/月,玉桥西路66号院,http://bj.58.com/pinpaigongyu/29595130588484x.shtml
【合租】九棵树 北杨洼小区 2室次卧,900元/月,兆丰家园西区,http://bj.58.com/pinpaigongyu/29416339285678x.shtml
【整租】西二旗 高教大楼五区 1室0厅,700元/月,高教大楼,http://bj.58.com/pinpaigongyu/29370826456504x.shtml
【整租】回龙观 朱辛庄新区 1室0厅,699元/月,颐丰庄园,http://bj.58.com/pinpaigongyu/28155718602426x.shtml
【整租】沙河 南邵 1室0厅,699元/月,孙王场小区,http://bj.58.com/pinpaigongyu/28308935133243x.shtml
【合租】梨园 梨园小镇 3室主卧,950元/月,云景西里,http://bj.58.com/pinpaigongyu/29384173914670x.shtml
【合租】土桥 方恒东景 2室主卧,950元/月,巩华城站,http://bj.58.com/pinpaigongyu/29581322881592x.shtml
【整租】沙河 高教大楼 1室0厅,700元/月,孙王场小区,http://bj.58.com/pinpaigongyu/29295942307389x.shtml
【合租】马坡 佳和宜园 4室次卧,920元/月,朱辛庄,http://bj.58.com/pinpaigongyu/29405473677381x.shtml
【整租】沙河 高教大楼 1室0厅,700元/月,北街家园,http://bj.58.com/pinpaigongyu/29295833170730x.shtml
【整租】上地 上地佳园 1室0厅,700元/月,高教大楼五区,http://bj.58.com/pinpaigongyu/29625015396295x.shtml
【整租】知春路 高教大楼五区 1室0厅,700元/月,西二旗小区,http://bj.58.com/pinpaigongyu/29651527376558x.shtml
【整租】沙河 高教大楼 1室0厅,750元/月,沙河高教园,http://bj.58.com/pinpaigongyu/29602846959553x.shtml
【整租】西三旗 西三旗东一里 1室0厅,700元/月,高教大楼五区,http://bj.58.com/pinpaigongyu/29602724012490x.shtml
【整租】西二旗 高教大楼五区 1室0厅,700元/月,高教大楼五区,http://bj.58.com/pinpaigongyu/29624991625273x.shtml
【整租】朝阳公园 京东水乡公寓 1室0厅,1000元/月,朱辛庄地铁口旁公,http://bj.58.com/pinpaigongyu/29526487704107x.shtml
【整租】回龙观 朱辛庄新区 1室0厅,700元/月,高教大楼五区,http://bj.58.com/pinpaigongyu/29658205361209x.shtml
【整租】西二旗 西二旗铭科苑 1室0厅,700元/月,高教大楼,http://bj.58.com/pinpaigongyu/29602714604348x.shtml
【整租】西二旗 高教大楼五区 1室0厅,750元/月,水乡公寓,http://bj.58.com/pinpaigongyu/29658400864710x.shtml
【整租】西二旗 高教大楼五区 1室0厅,700元/月,朱辛庄新区,http://bj.58.com/pinpaigongyu/29657755280332x.shtml
【合租】梨园 杨家洼小区 3室次卧,900元/月,高教大楼,http://bj.58.com/pinpaigongyu/29639466513090x.shtml
【整租】西北旺 百旺茉莉园一期 1室0厅,1000元/月,上地东里,http://bj.58.com/pinpaigongyu/29595212536398x.shtml
【整租】天竺 花梨坎 1室1厅,600元/月,夏霖园,http://bj.58.com/pinpaigongyu/29624914580942x.shtml
【整租】沙河 兆丰家园附近公寓 1室0厅,700元/月,永丰嘉园,http://bj.58.com/pinpaigongyu/28580671067210x.shtml
【整租】沙河 高教大楼 1室0厅,700元/月,朱辛庄新区,http://bj.58.com/pinpaigongyu/29370847362478x.shtml
【合租】九棵树 景欣园 2室次卧,900元/月,燕尚园,http://bj.58.com/pinpaigongyu/29658022045747x.shtml
【合租】果园 葵花社 2室主卧,1000元/月,高教大楼五区,http://bj.58.com/pinpaigongyu/29647024945086x.shtml
【整租】沙河 南邵 1室0厅,699元/月,西二旗小区,http://bj.58.com/pinpaigongyu/28187100233808x.shtml
【整租】沙河 高教大楼 1室0厅,700元/月,巩华城站,http://bj.58.com/pinpaigongyu/29448075033029x.shtml
【整租】西北旺 保利西山林语 1室0厅,1000元/月,云景西里南区,http://bj.58.com/pinpaigongyu/29239813182515x.shtml
【整租】上地 上地三街 1室0厅,699元/月,高教大楼五区,http://bj.58.com/pinpaigongyu/29580739599303x.shtml
【整租】沙河 高教大楼 1室0厅,700元/月,高教大楼,http://bj.58.com/pinpaigongyu/29581257006142x.shtml
【整租】上地 上地三街 1室0厅,699元/月,水乡公寓,http://bj.58.com/pinpaigongyu/29562192922687x.shtml
【整租】上地 高教大楼五区 1室0厅,700元/月,朱辛庄新区,http://bj.58.com/pinpaigongyu/29636447438660x.shtml
【整租】西二旗 高教大楼五区 1室0厅,700元/月,观音寺南里,http://bj.58.com/pinpaigongyu/29647257287603x.shtml
【整租】常营 水乡公寓1 1室0厅,900元/月,高教大楼,http://bj.58.com/pinpaigongyu/29226982112314x.shtml
【整租】回龙观 朱辛庄地铁口旁公 1室0厅,700元/月,西小口91号院,http://bj.58.com/pinpaigongyu/29602642307113x.shtml
【整租】沙河 高教大楼 1室0厅,700元/月,高教大楼五区,http://bj.58.com/pinpaigongyu/29671686245316x.shtml
【整租】沙河 高教大楼 1室0厅,750元/月,上地三街,http://bj.58.com/pinpaigongyu/29569431212601x.shtml
【整租】团结湖 水乡公寓 1室0厅,900元/月,高教大楼五区,http://bj.58.com/pinpaigongyu/29527001641390x.shtml
【整租】龙泽 龙泽苑 1室0厅,699元/月,回龙观新村,http://bj.58.com/pinpaigongyu/28155556486333x.shtml
【合租】乔庄 乔庄西区 3室主卧,1000元/月,丰润佳园,http://bj.58.com/pinpaigongyu/29647151086143x.shtml
【整租】西北旺 颐和山庄紫霄园 1室0厅,1000元/月,巩华城站,http://bj.58.com/pinpaigongyu/29596580474177x.shtml
【合租】龙泽 融泽嘉园2号院 4室次卧,1000元/月,永丰嘉园,http://bj.58.com/pinpaigongyu/29392289907772x.shtml
【整租】西二旗 燕尚园 1室0厅,699元/月,环保嘉苑,http://bj.58.com/pinpaigongyu/28178079091011x.shtml
【整租】沙河 兆丰家园 1室0厅,699元/月,高教大楼,http://bj.58.com/pinpaigongyu/29304773403060x.shtml
【整租】沙河 北街家园六区 1室0厅,699元/月,梨园东里,http://bj.58.com/pinpaigongyu/28264941656134x.shtml
【整租】回龙观 朱辛庄新区 1室0厅,699元/月,西二旗,http://bj.58.com/pinpaigongyu/28322020712623x.shtml
【整租】马连洼 春晖园 1室0厅,1000元/月,西二旗,http://bj.58.com/pinpaigongyu/29604368417836x.shtml
【整租】沙河 高教大楼 1室0厅,700元/月,智学苑,http://bj.58.com/pinpaigongyu/29174740977718x.shtml
【整租】沙河 高教大楼 1室0厅,750元/月,高教大楼五区,http://bj.58.com/pinpaigongyu/29592057982260x.shtml
【整租】西二旗 高教大楼五区 1室0厅,750元/月,水乡公寓2,http://bj.58.com/pinpaigongyu/29581760033088x.shtml
【整租】呼家楼 水乡公寓 1室0厅,800元/月,朱辛庄新区,http://bj.58.com/pinpaigongyu/29339669762895x.shtml
【整租】沙河 高教大楼 1室0厅,700元/月,高教大楼五区,http://bj.58.com/pinpaigongyu/29561908670795x.shtml
【整租】西二旗 高教大楼五区 1室0厅,700元/月,水乡公寓,http://bj.58.com/pinpaigongyu/29603158712873x.shtml
【整租】西二旗 高教大楼五区 1室0厅,700元/月,高教大楼五区,http://bj.58.com/pinpaigongyu/29638270153018x.shtml
【整租】沙河 高教大楼 1室0厅,700元/月,高教大楼,http://bj.58.com/pinpaigongyu/29603126759110x.shtml
【整租】西二旗 高教大楼五区 1室0厅,750元/月,高教大楼五区,http://bj.58.com/pinpaigongyu/29592091489978x.shtml
【整租】沙河 高教大楼 1室0厅,700元/月,朱辛庄新区,http://bj.58.com/pinpaigongyu/29603056429766x.shtml
【整租】西二旗 高教大楼五区 1室0厅,750元/月,高教大楼五区,http://bj.58.com/pinpaigongyu/29591988378154x.shtml
【整租】沙河 高教大楼 1室0厅,700元/月,玉桥西路66号院,http://bj.58.com/pinpaigongyu/29481742648362x.shtml
【整租】沙河 兆丰家园西区 1室0厅,699元/月,兆丰家园西区,http://bj.58.com/pinpaigongyu/28607555635647x.shtml
【整租】西二旗 西二旗 1室0厅,699元/月,高教大楼,http://bj.58.com/pinpaigongyu/28231157447625x.shtml
【整租】沙河 兆丰家园 1室0厅,699元/月,颐丰庄园,http://bj.58.com/pinpaigongyu/28231233007785x.shtml
【整租】西苑 保利西山林语别墅 1室0厅,1000元/月,孙王场小区,http://bj.58.com/pinpaigongyu/29239954619085x.shtml
【整租】回龙观 朱辛庄新区 1室0厅,699元/月,云景西里,http://bj.58.com/pinpaigongyu/28496471338043x.shtml
【整租】西北旺 百旺新城夏霖园 1室0厅,1000元/月,巩华城站,http://bj.58.com/pinpaigongyu/29604492280262x.shtml
【整租】沙河 高教大楼 1室0厅,700元/月,孙王场小区,http://bj.58.com/pinpaigongyu/29471807809212x.shtml
【整租】沙河 高教大楼 1室0厅,700元/月,朱辛庄,http://bj.58.com/pinpaigongyu/29481265430205x.shtml
【整租】沙河 高教大楼 1室0厅,699元/月,北街家园,http://bj.58.com/pinpaigongyu/28496482662735x.shtml
【整租】西二旗 高教大楼五区 1室0厅,750元/月,高教大楼,http://bj.58.com/pinpaigongyu/29603023992620x.shtml
【整租】西二旗 西二旗小区 1室0厅,699元/月,育新花园,http://bj.58.com/pinpaigongyu/29580518461111x.shtml
【整租】西二旗 高教大楼五区 1室0厅,700元/月,永泰庄23号院,http://bj.58.com/pinpaigongyu/29658212526278x.shtml
【整租】沙河 高教大楼 1室0厅,700元/月,高教大楼五区,http://bj.58.com/pinpaigongyu/29581281019838x.shtml
【整租】常营 水乡公寓 1室0厅,900元/月,巩华城站,http://bj.58.com/pinpaigongyu/29503533750317x.shtml
【整租】回龙观 朱辛庄新区 1室0厅,700元/月,高教大楼,http://bj.58.com/pinpaigongyu/29647297476688x.shtml
【整租】西二旗 高教大楼五区 1室0厅,700元/月,京东水乡公寓,http://bj.58.com/pinpaigongyu/29646599102028x.shtml
【整租】回龙观 朱辛庄新区 1室0厅,700元/月,高教大楼五区,http://bj.58.com/pinpaigongyu/29657907402801x.shtml
【整租】西二旗 西二旗小区 1室0厅,699元/月,高教大楼五区,http://bj.58.com/pinpaigongyu/29580650902984x.shtml
【整租】上地 上地东里 1室0厅,700元/月,西二旗小区,http://bj.58.com/pinpaigongyu/29625130731700x.shtml
【整租】沙河 高教大楼 1室0厅,700元/月,颐和山庄紫霄园,http://bj.58.com/pinpaigongyu/29282229635132x.shtml
【合租】龙泽 融泽嘉园6号院 1室次卧,900元/月,高教大楼,http://bj.58.com/pinpaigongyu/29459097787960x.shtml
【整租】西北旺 颐和山庄 1室0厅,1000元/月,泰和宜园,http://bj.58.com/pinpaigongyu/29239991010116x.shtml
【整租】回龙观 回龙观东大街 1室0厅,699元/月,广悦居,http://bj.58.com/pinpaigongyu/28211291982003x.shtml
【整租】温泉 宏丰西路一号院( 1室0厅,1000元/月,高教大楼,http://bj.58.com/pinpaigongyu/29239910409278x.shtml
【整租】沙河 北街家园五区 1室1厅,700元/月,巩华城站,http://bj.58.com/pinpaigongyu/29337263561409x.shtml
【整租】西二旗 铭科苑 1室0厅,699元/月,生命科学园,http://bj.58.com/pinpaigongyu/28209100306230x.shtml
【整租】回龙观 朱辛庄新区 1室0厅,699元/月,高教大楼,http://bj.58.com/pinpaigongyu/28199792200238x.shtml
【整租】马连洼 绿苑小区 1室0厅,1000元/月,高教大楼,http://bj.58.com/pinpaigongyu/29604644454444x.shtml
【合租】九棵树 景欣园 2室主卧,900元/月,高教大楼,http://bj.58.com/pinpaigongyu/29647007131435x.shtml
【整租】西二旗 高教大楼五区 1室0厅,700元/月,高教大楼五区,http://bj.58.com/pinpaigongyu/29657693548855x.shtml
【合租】国贸 水乡公寓2 1室主卧,900元/月,西二旗小区,http://bj.58.com/pinpaigongyu/29385230083253x.shtml
【整租】西二旗 高教大楼五区 1室0厅,700元/月,沙河高教园,http://bj.58.com/pinpaigongyu/29647353098293x.shtml
【整租】沙河 高教大楼 1室0厅,750元/月,高教大楼五区,http://bj.58.com/pinpaigongyu/29592216146628x.shtml
【整租】回龙观 朱辛庄新区 1室0厅,700元/月,高教大楼五区,http://bj.58.com/pinpaigongyu/29657794002504x.shtml
【整租】常营 水乡公寓1 1室0厅,900元/月,朱辛庄地铁口旁公,http://bj.58.com/pinpaigongyu/29426026229582x.shtml
【合租】回龙观 龙博苑二区 3室次卧,800元/月,高教大楼五区,http://bj.58.com/pinpaigongyu/29657651600065x.shtml
【整租】西二旗 高教大楼五区 1室0厅,700元/月,高教大楼,http://bj.58.com/pinpaigongyu/29647267456838x.shtml
【整租】五道口 五道口地质大学新 1室0厅,700元/月,水乡公寓,http://bj.58.com/pinpaigongyu/29625033973165x.shtml
【整租】回龙观 朱辛庄地铁口旁公 1室0厅,700元/月,朱辛庄新区,http://bj.58.com/pinpaigongyu/29602764582342x.shtml
【整租】回龙观 龙泽大厦 1室0厅,699元/月,高教大楼,http://bj.58.com/pinpaigongyu/28243895574958x.shtml
【合租】梨园 云景西里 2室次卧,950元/月,上地东里,http://bj.58.com/pinpaigongyu/29416391681582x.shtml
【整租】沙河 高教大楼 1室0厅,700元/月,夏霖园,http://bj.58.com/pinpaigongyu/29481767715628x.shtml
【整租】梨园 梨园北小区 3室0厅,800元/月,永丰嘉园,http://bj.58.com/pinpaigongyu/29669693907515x.shtml
【整租】沙河 沙河高教园 1室0厅,700元/月,朱辛庄新区,http://bj.58.com/pinpaigongyu/29174731864633x.shtml
【整租】沙河 高教大楼 1室0厅,700元/月,燕尚园,http://bj.58.com/pinpaigongyu/29303934716621x.shtml
【整租】沙河 高教大楼 1室0厅,800元/月,高教大楼五区,http://bj.58.com/pinpaigongyu/29206593907662x.shtml
【整租】沙河 高教大楼 1室0厅,700元/月,西二旗小区,http://bj.58.com/pinpaigongyu/29370839182287x.shtml
【整租】沙河 北街家园 1室0厅,699元/月,巩华城站,http://bj.58.com/pinpaigongyu/28454568134709x.shtml
【整租】龙泽 龙泽苑 1室0厅,699元/月,云景西里南区,http://bj.58.com/pinpaigongyu/28209001182889x.shtml
【整租】西二旗 高教大楼五区 1室0厅,700元/月,高教大楼五区,http://bj.58.com/pinpaigongyu/29603069291583x.shtml
【整租】西二旗 高教大楼五区 1室0厅,700元/月,高教大楼,http://bj.58.com/pinpaigongyu/29657944294591x.shtml
【整租】西二旗 高教大楼五区 1室0厅,750元/月,水乡公寓,http://bj.58.com/pinpaigongyu/29574052588340x.shtml
【整租】上地 上地七街 1室0厅,699元/月,朱辛庄新区,http://bj.58.com/pinpaigongyu/29580693854413x.shtml
【整租】清河 上地东里五区 1室0厅,699元/月,观音寺南里,http://bj.58.com/pinpaigongyu/29591819029297x.shtml
【整租】常营 京东水乡公寓 1室0厅,1000元/月,高教大楼,http://bj.58.com/pinpaigongyu/29636837187243x.shtml
【整租】西二旗 高教大楼五区 1室0厅,750元/月,西小口91号院,http://bj.58.com/pinpaigongyu/29574011640620x.shtml
【整租】西二旗 高教大楼五区 1室0厅,700元/月,高教大楼五区,http://bj.58.com/pinpaigongyu/29561988202923x.shtml
【合租】回龙观 紫金新干线四区 3室次卧,900元/月,上地三街,http://bj.58.com/pinpaigongyu/29604670849581x.shtml
【整租】西二旗 高教大楼五区 1室0厅,700元/月,高教大楼五区,http://bj.58.com/pinpaigongyu/29638291042741x.shtml
【整租】西北旺 百旺茉莉园一期 1室0厅,1000元/月,回龙观新村,http://bj.58.com/pinpaigongyu/29595177236411x.shtml
【整租】上地 丰泽盈和 1室0厅,1000元/月,丰润佳园,http://bj.58.com/pinpaigongyu/29604749897927x.shtml
【整租】中关村 环保嘉苑 1室0厅,1000元/月,巩华城站,http://bj.58.com/pinpaigongyu/29593304753359x.shtml
【整租】沙河 高教大楼 1室0厅,700元/月,永丰嘉园,http://bj.58.com/pinpaigongyu/29252533461431x.shtml
【合租】中仓 新城东里东区 2室主卧,700元/月,环保嘉苑,http://bj.58.com/pinpaigongyu/29646989386291x.shtml
【整租】霍营 霍营小区 1室0厅,699元/月,高教大楼,http://bj.58.com/pinpaigongyu/28208963843511x.shtml
【整租】上地 上地七街 1室0厅,699元/月,梨园东里,http://bj.58.com/pinpaigongyu/28620468914256x.shtml
【整租】上地 上地东里 1室1厅,699元/月,西二旗,http://bj.58.com/pinpaigongyu/28231193892026x.shtml
【合租】新华大街 天桥湾 3室次卧,700元/月,西二旗,http://bj.58.com/pinpaigongyu/29639931029056x.shtml
【整租】西北旺 百旺茉莉园一期 1室0厅,1000元/月,智学苑,http://bj.58.com/pinpaigongyu/29595188457672x.shtml
【合租】西二旗 高教大楼五区 1室主卧,700元/月,高教大楼五区,http://bj.58.com/pinpaigongyu/29602589225275x.shtml
【整租】西二旗 高教大楼五区 1室0厅,699元/月,水乡公寓2,http://bj.58.com/pinpaigongyu/29581823769795x.shtml
【整租】上地 上地七街 1室0厅,700元/月,朱辛庄新区,http://bj.58.com/pinpaigongyu/29602746042538x.shtml
【整租】沙河 高教大楼 1室0厅,700元/月,高教大楼五区,http://bj.58.com/pinpaigongyu/29671703027126x.shtml
【整租】沙河 高教大楼 1室0厅,750元/月,水乡公寓,http://bj.58.com/pinpaigongyu/29581733294665x.shtml
【整租】西二旗 高教大楼五区 1室0厅,700元/月,高教大楼五区,http://bj.58.com/pinpaigongyu/29638256033719x.shtml
【整租】西二旗 高教大楼五区 1室0厅,700元/月,高教大楼,http://bj.58.com/pinpaigongyu/29657703165763x.shtml
【整租】朝青板块 水乡公寓 1室0厅,900元/月,高教大楼五区,http://bj.58.com/pinpaigongyu/29525694972729x.shtml
【合租】常营 水乡公寓 1室主卧,850元/月,朱辛庄新区,http://bj.58.com/pinpaigongyu/29483017470407x.shtml
【整租】上地 上地佳园 1室0厅,700元/月,高教大楼五区,http://bj.58.com/pinpaigongyu/29638978283336x.shtml
【整租】西二旗 铭科苑 1室0厅,699元/月,玉桥西路66号院,http://bj.58.com/pinpaigongyu/28208917061289x.shtml
【整租】沙河 高教大楼 1室0厅,700元/月,兆丰家园西区,http://bj.58.com/pinpaigongyu/29274362214826x.shtml
【整租】沙河 高教大楼 1室0厅,700元/月,高教大楼,http://bj.58.com/pinpaigongyu/29326681223468x.shtml
【整租】北七家 平西府工业园 1室0厅,699元/月,颐丰庄园,http://bj.58.com/pinpaigongyu/28164879769798x.shtml
【整租】梨园 梨花园 3室1厅,650元/月,孙王场小区,http://bj.58.com/pinpaigongyu/29359695174577x.shtml
【整租】沙河 高教大楼 1室0厅,700元/月,云景西里,http://bj.58.com/pinpaigongyu/29295916848437x.shtml
【整租】沙河 高教大楼 1室0厅,800元/月,巩华城站,http://bj.58.com/pinpaigongyu/29206591353915x.shtml
【整租】沙河 高教大楼 1室0厅,700元/月,孙王场小区,http://bj.58.com/pinpaigongyu/29274364096566x.shtml
【整租】沙河 高教大楼 1室0厅,700元/月,朱辛庄,http://bj.58.com/pinpaigongyu/29360118066371x.shtml
【整租】沙河 巩华城 1室0厅,699元/月,北街家园,http://bj.58.com/pinpaigongyu/28618813652154x.shtml
【整租】沙河 高教大楼 1室0厅,700元/月,高教大楼,http://bj.58.com/pinpaigongyu/29647394168505x.shtml
【整租】西二旗 西二旗铭科苑 1室0厅,700元/月,育新花园,http://bj.58.com/pinpaigongyu/29638962798525x.shtml
【整租】沙河 高教大楼 1室0厅,750元/月,永泰庄23号院,http://bj.58.com/pinpaigongyu/29591966956847x.shtml
【整租】西三旗 育新花园 1室0厅,700元/月,高教大楼五区,http://bj.58.com/pinpaigongyu/29602734891216x.shtml
【整租】西二旗 高教大楼五区 1室0厅,700元/月,巩华城站,http://bj.58.com/pinpaigongyu/29580048702531x.shtml
【合租】西二旗 西二旗小区 1室主卧,700元/月,高教大楼,http://bj.58.com/pinpaigongyu/29602634317114x.shtml
【整租】西二旗 高教大楼五区 1室0厅,699元/月,京东水乡公寓,http://bj.58.com/pinpaigongyu/29583449651906x.shtml
【整租】沙河 高教大楼 1室0厅,700元/月,高教大楼五区,http://bj.58.com/pinpaigongyu/29671694154694x.shtml
【整租】沙河 高教大楼 1室0厅,700元/月,高教大楼五区,http://bj.58.com/pinpaigongyu/29638191557323x.shtml
【整租】西三旗 育新花园 1室0厅,700元/月,西二旗小区,http://bj.58.com/pinpaigongyu/29625086040133x.shtml
【整租】沙河 北街家园 1室0厅,700元/月,颐和山庄紫霄园,http://bj.58.com/pinpaigongyu/29174721387590x.shtml
【整租】沙河 高教大楼 1室0厅,800元/月,高教大楼,http://bj.58.com/pinpaigongyu/29206575610429x.shtml
【整租】沙河 兆丰家园西区 1室0厅,699元/月,泰和宜园,http://bj.58.com/pinpaigongyu/28586826798121x.shtml
【整租】沙河 高教大楼 1室0厅,700元/月,广悦居,http://bj.58.com/pinpaigongyu/29471800216650x.shtml
【整租】沙河 北街家园五区 1室0厅,700元/月,高教大楼,http://bj.58.com/pinpaigongyu/29337242761910x.shtml
【整租】西二旗 西二旗 1室0厅,699元/月,巩华城站,http://bj.58.com/pinpaigongyu/28211233238577x.shtml
【整租】沙河 巩华城公寓 1室0厅,699元/月,生命科学园,http://bj.58.com/pinpaigongyu/28164856206380x.shtml
【整租】回龙观 龙泽大厦 1室0厅,699元/月,高教大楼,http://bj.58.com/pinpaigongyu/28588854113193x.shtml
【整租】上地 上地七街 1室0厅,699元/月,高教大楼,http://bj.58.com/pinpaigongyu/28355876135094x.shtml
【整租】沙河 巩华城站 1室0厅,699元/月,高教大楼,http://bj.58.com/pinpaigongyu/28322819561667x.shtml
【整租】沙河 高教大楼 1室0厅,750元/月,高教大楼,http://bj.58.com/pinpaigongyu/29658391131848x.shtml
【整租】西二旗 高教大楼五区 1室0厅,700元/月,高教大楼,http://bj.58.com/pinpaigongyu/29603087540547x.shtml
【整租】沙河 高教大楼 1室0厅,700元/月,高教大楼五区,http://bj.58.com/pinpaigongyu/29581229440714x.shtml
【整租】上地 上地佳园 1室0厅,700元/月,西二旗小区,http://bj.58.com/pinpaigongyu/29625076079679x.shtml
【整租】回龙观 朱辛庄新区 1室0厅,700元/月,高教大楼五区,http://bj.58.com/pinpaigongyu/29647329364286x.shtml
【整租】沙河 高教大楼 1室0厅,750元/月,高教大楼五区,http://bj.58.com/pinpaigongyu/29602812092331x.shtml
【整租】上地 上地五街 1室0厅,699元/月,龙博苑二区,http://bj.58.com/pinpaigongyu/29591612738356x.shtml
【整租】西二旗 高教大楼五区 1室0厅,700元/月,高教大楼五区,http://bj.58.com/pinpaigongyu/29668803293383x.shtml
【整租】西二旗 高教大楼五区 1室0厅,700元/月,高教大楼五区,http://bj.58.com/pinpaigongyu/29657741352905x.shtml
【整租】沙河 高教大楼 1室0厅,700元/月,高教大楼,http://bj.58.com/pinpaigongyu/29657760635689x.shtml
【整租】沙河 兆丰家园西区 1室0厅,699元/月,孙王场小区,http://bj.58.com/pinpaigongyu/28188623663535x.shtml
【整租】沙河 高教大楼 1室0厅,700元/月,龙泽大厦,http://bj.58.com/pinpaigongyu/29282222629449x.shtml
【整租】上地 千秋家园 1室0厅,1000元/月,兆丰家园西区,http://bj.58.com/pinpaigongyu/29593596396233x.shtml
【整租】龙泽 融泽嘉园 2室1厅,820元/月,北街家园六区,http://bj.58.com/pinpaigongyu/29370366540739x.shtml
【整租】沙河 高教大楼 1室1厅,800元/月,高教大楼五区,http://bj.58.com/pinpaigongyu/29208091026242x.shtml
【整租】霍营 霍营小区 1室0厅,699元/月,环保嘉苑,http://bj.58.com/pinpaigongyu/28186987165769x.shtml
【整租】沙河 北街家园五区 1室0厅,700元/月,高教大楼,http://bj.58.com/pinpaigongyu/29337252878657x.shtml
【合租】玉桥 艺苑西街小区 2室次卧,700元/月,上地西里,http://bj.58.com/pinpaigongyu/29646878455987x.shtml
【整租】沙河 高教大楼 1室0厅,700元/月,首创悦蓉汇,http://bj.58.com/pinpaigongyu/29471823263432x.shtml
【整租】沙河 高教大楼 1室1厅,700元/月,西二旗,http://bj.58.com/pinpaigongyu/29425797170742x.shtml
【整租】西二旗 高教大楼五区 1室0厅,700元/月,高教大楼五区,http://bj.58.com/pinpaigongyu/29580135450189x.shtml
【整租】五道口 五道口地质大学新 1室0厅,700元/月,西二旗小区,http://bj.58.com/pinpaigongyu/29625102647740x.shtml
【合租】回龙观 龙博苑二区 3室次卧,900元/月,沙河高教园,http://bj.58.com/pinpaigongyu/29624533607481x.shtml
【整租】沙河 高教大楼 1室0厅,700元/月,高教大楼五区,http://bj.58.com/pinpaigongyu/29638203452214x.shtml
【整租】沙河 高教大楼 1室0厅,700元/月,高教大楼五区,http://bj.58.com/pinpaigongyu/29658286829378x.shtml
【整租】上地 高教大楼五区 1室0厅,700元/月,朱辛庄地铁口旁公,http://bj.58.com/pinpaigongyu/29657956622784x.shtml
【整租】西二旗 高教大楼五区 1室0厅,700元/月,高教大楼五区,http://bj.58.com/pinpaigongyu/29602666134070x.shtml
【整租】次渠 怡芳园 4室1厅,700元/月,高教大楼,http://bj.58.com/pinpaigongyu/29517730447559x.shtml
【整租】西二旗 高教大楼五区 1室0厅,700元/月,水乡公寓,http://bj.58.com/pinpaigongyu/29579989215663x.shtml
【整租】沙河 高教大楼 1室0厅,750元/月,朱辛庄新区,http://bj.58.com/pinpaigongyu/29592027983031x.shtml
【整租】沙河 高教大楼 1室0厅,700元/月,高教大楼,http://bj.58.com/pinpaigongyu/29481282956332x.shtml
【合租】九棵树 北杨洼小区 2室主卧,1000元/月,上地东里,http://bj.58.com/pinpaigongyu/29426197828163x.shtml
【整租】梨园 孙王场小区 3室1厅,700元/月,夏霖园,http://bj.58.com/pinpaigongyu/29647117687113x.shtml
【整租】沙河 巩华城站 1室0厅,699元/月,永丰嘉园,http://bj.58.com/pinpaigongyu/28175804626502x.shtml
【整租】沙河 北街家园五区 1室1厅,700元/月,朱辛庄新区,http://bj.58.com/pinpaigongyu/29415575697203x.shtml
【整租】西二旗 博雅德园 1室0厅,699元/月,燕尚园,http://bj.58.com/pinpaigongyu/28220177269161x.shtml
【整租】西二旗 回龙观村 1室0厅,699元/月,高教大楼五区,http://bj.58.com/pinpaigongyu/28155502199235x.shtml
【整租】沙河 高教大楼 1室0厅,700元/月,西二旗小区,http://bj.58.com/pinpaigongyu/29514894155574x.shtml
【整租】沙河 高教大楼 1室0厅,700元/月,巩华城站,http://bj.58.com/pinpaigongyu/29295932749494x.shtml
【合租】中仓 新城东里东区 3室主卧,800元/月,云景西里南区,http://bj.58.com/pinpaigongyu/29640078077609x.shtml
【整租】西二旗 高教大楼五区 1室0厅,700元/月,高教大楼五区,http://bj.58.com/pinpaigongyu/29625056227902x.shtml
【整租】西二旗 高教大楼五区 1室0厅,700元/月,高教大楼,http://bj.58.com/pinpaigongyu/29647455263941x.shtml
【整租】回龙观 朱辛庄新区 1室0厅,700元/月,水乡公寓,http://bj.58.com/pinpaigongyu/29647307924279x.shtml
【合租】回龙观 龙博苑二区 4室次卧,900元/月,朱辛庄新区,http://bj.58.com/pinpaigongyu/29604367351228x.shtml
【整租】上地 上地东里 1室0厅,700元/月,观音寺南里,http://bj.58.com/pinpaigongyu/29639081328066x.shtml
【整租】西二旗 高教大楼五区 1室0厅,700元/月,高教大楼,http://bj.58.com/pinpaigongyu/29671743390378x.shtml
【整租】西三旗 西三旗东一里 1室0厅,699元/月,西小口91号院,http://bj.58.com/pinpaigongyu/29591807983820x.shtml
【整租】沙河 高教大楼 1室0厅,700元/月,高教大楼五区,http://bj.58.com/pinpaigongyu/29603102094413x.shtml
【整租】西二旗 高教大楼五区 1室0厅,700元/月,上地三街,http://bj.58.com/pinpaigongyu/29668795664073x.shtml
【整租】大钟寺 高教大楼五区 1室0厅,700元/月,高教大楼五区,http://bj.58.com/pinpaigongyu/29651568899247x.shtml
【整租】沙河 高教大楼 1室1厅,700元/月,回龙观新村,http://bj.58.com/pinpaigongyu/29425760367056x.shtml
【整租】沙河 高教大楼 1室1厅,700元/月,丰润佳园,http://bj.58.com/pinpaigongyu/29425781479724x.shtml
【整租】上地 上地十街 1室0厅,1000元/月,巩华城站,http://bj.58.com/pinpaigongyu/29240170497590x.shtml
【整租】沙河 北街家园 1室0厅,699元/月,永丰嘉园,http://bj.58.com/pinpaigongyu/28299185618615x.shtml
【合租】梨园 梨园北小区 4室次卧,900元/月,环保嘉苑,http://bj.58.com/pinpaigongyu/29669768832587x.shtml
【整租】沙河 高教大楼 1室0厅,700元/月,高教大楼,http://bj.58.com/pinpaigongyu/29514876478791x.shtml
【整租】西二旗 高教大楼五区 1室0厅,700元/月,梨园东里,http://bj.58.com/pinpaigongyu/29217406988211x.shtml
【整租】沙河 沙河高教园 1室0厅,700元/月,西二旗,http://bj.58.com/pinpaigongyu/29174740309837x.shtml
【整租】沙河 南邵 1室0厅,699元/月,西二旗,http://bj.58.com/pinpaigongyu/28496454373558x.shtml
【合租】新华大街 东方生活小区 2室次卧,900元/月,智学苑,http://bj.58.com/pinpaigongyu/29407372406602x.shtml
【整租】沙河 高教大楼 1室0厅,750元/月,高教大楼五区,http://bj.58.com/pinpaigongyu/29573999835693x.shtml
【整租】国贸 京东水乡公寓 1室0厅,1000元/月,水乡公寓2,http://bj.58.com/pinpaigongyu/29526577977393x.shtml
【合租】常营 水乡公寓2 1室主卧,900元/月,朱辛庄新区,http://bj.58.com/pinpaigongyu/29382077173071x.shtml
【合租】回龙观 龙博苑二区 3室次卧,800元/月,高教大楼五区,http://bj.58.com/pinpaigongyu/29657605943087x.shtml
【整租】西二旗 高教大楼五区 1室0厅,750元/月,水乡公寓,http://bj.58.com/pinpaigongyu/29569492362936x.shtml
【整租】十里堡 水乡公寓 1室0厅,900元/月,高教大楼五区,http://bj.58.com/pinpaigongyu/29514342878148x.shtml
【整租】上地 高教大楼五区 1室0厅,700元/月,高教大楼,http://bj.58.com/pinpaigongyu/29657706810932x.shtml
【整租】西二旗 高教大楼五区 1室0厅,699元/月,高教大楼五区,http://bj.58.com/pinpaigongyu/29569412556230x.shtml
【整租】沙河 高教大楼 1室0厅,750元/月,朱辛庄新区,http://bj.58.com/pinpaigongyu/29592195573189x.shtml
【整租】沙河 高教大楼 1室0厅,750元/月,高教大楼五区,http://bj.58.com/pinpaigongyu/29574041129153x.shtml
【整租】沙河 高教大楼 1室0厅,700元/月,玉桥西路66号院,http://bj.58.com/pinpaigongyu/29392508791342x.shtml
【整租】沙河 高教大楼 1室0厅,700元/月,兆丰家园西区,http://bj.58.com/pinpaigongyu/29350421890858x.shtml
【整租】沙河 巩华城站 1室0厅,699元/月,高教大楼,http://bj.58.com/pinpaigongyu/28264901197632x.shtml
【合租】玉桥 艺苑西街小区 2室次卧,800元/月,颐丰庄园,http://bj.58.com/pinpaigongyu/29657948839849x.shtml
【合租】九棵树 北杨洼小区 2室主卧,1000元/月,孙王场小区,http://bj.58.com/pinpaigongyu/29658272055098x.shtml
【整租】北七家 平西府工业园 1室0厅,699元/月,云景西里,http://bj.58.com/pinpaigongyu/28178088712641x.shtml
【整租】西北旺 颐和山庄云锦园 1室0厅,1000元/月,巩华城站,http://bj.58.com/pinpaigongyu/29239875940048x.shtml
【整租】沙河 兆丰家园西区 1室0厅,699元/月,孙王场小区,http://bj.58.com/pinpaigongyu/28598342447434x.shtml
【整租】西二旗 西二旗 1室0厅,699元/月,朱辛庄,http://bj.58.com/pinpaigongyu/28243864040012x.shtml
【整租】沙河 高教大楼 1室0厅,700元/月,北街家园,http://bj.58.com/pinpaigongyu/29481757862986x.shtml
【整租】清河 永泰庄23号院 1室0厅,700元/月,高教大楼,http://bj.58.com/pinpaigongyu/29639044437831x.shtml
【整租】西二旗 沙河高教园 1室0厅,700元/月,育新花园,http://bj.58.com/pinpaigongyu/29658025503411x.shtml
【合租】沙河 兆丰家园东区 3室次卧,999元/月,永泰庄23号院,http://bj.58.com/pinpaigongyu/29559849769385x.shtml
【整租】西二旗 高教大楼五区 1室0厅,700元/月,高教大楼五区,http://bj.58.com/pinpaigongyu/29603112936262x.shtml
【整租】西二旗 高教大楼五区 1室0厅,700元/月,巩华城站,http://bj.58.com/pinpaigongyu/29581152829378x.shtml
【整租】西二旗 高教大楼五区 1室0厅,700元/月,高教大楼,http://bj.58.com/pinpaigongyu/29580029180725x.shtml
【整租】上地 上地佳园 1室0厅,700元/月,京东水乡公寓,http://bj.58.com/pinpaigongyu/29624928379321x.shtml
【整租】西二旗 高教大楼五区 1室0厅,700元/月,高教大楼五区,http://bj.58.com/pinpaigongyu/29646785667881x.shtml
【整租】西二旗 高教大楼五区 1室0厅,750元/月,高教大楼五区,http://bj.58.com/pinpaigongyu/29592181245227x.shtml
【整租】沙河 北街家园五区 1室0厅,700元/月,西二旗小区,http://bj.58.com/pinpaigongyu/29625094345900x.shtml
【整租】西北旺 颐和山庄紫霄园 1室0厅,1000元/月,颐和山庄紫霄园,http://bj.58.com/pinpaigongyu/29595222711375x.shtml
【整租】回龙观 龙泽大厦 1室0厅,699元/月,高教大楼,http://bj.58.com/pinpaigongyu/28187113705927x.shtml
【整租】沙河 巩华城公寓 1室0厅,699元/月,泰和宜园,http://bj.58.com/pinpaigongyu/28243873724872x.shtml
【整租】龙泽 龙泽苑 1室0厅,699元/月,广悦居,http://bj.58.com/pinpaigongyu/28231212143037x.shtml
【整租】温泉 福溪家园 1室0厅,1000元/月,高教大楼,http://bj.58.com/pinpaigongyu/29593377055056x.shtml
【合租】裕龙 滨河小区(顺义) 3室次卧,950元/月,巩华城站,http://bj.58.com/pinpaigongyu/29616822315179x.shtml
【合租】梨园 葛布店东里 4室主卧,600元/月,生命科学园,http://bj.58.com/pinpaigongyu/29281524360895x.shtml
【整租】沙河 高教大楼 1室0厅,800元/月,高教大楼,http://bj.58.com/pinpaigongyu/29206556710603x.shtml
【整租】沙河 高教大楼 1室0厅,700元/月,高教大楼,http://bj.58.com/pinpaigongyu/29370834456885x.shtml
【整租】西二旗 高教大楼五区 1室0厅,699元/月,高教大楼,http://bj.58.com/pinpaigongyu/28148769406668x.shtml
【整租】西二旗 高教大楼五区 1室0厅,700元/月,高教大楼,http://bj.58.com/pinpaigongyu/29647334113475x.shtml
【整租】回龙观 朱辛庄新区 1室0厅,700元/月,高教大楼,http://bj.58.com/pinpaigongyu/29657806229169x.shtml
【整租】回龙观 朱辛庄地铁口旁公 1室0厅,699元/月,高教大楼五区,http://bj.58.com/pinpaigongyu/29591753416506x.shtml
【整租】沙河 高教大楼 1室0厅,750元/月,西二旗小区,http://bj.58.com/pinpaigongyu/29569538300602x.shtml
【整租】西二旗 高教大楼五区 1室0厅,700元/月,高教大楼五区,http://bj.58.com/pinpaigongyu/29639075373643x.shtml
【整租】西二旗 高教大楼五区 1室0厅,750元/月,高教大楼五区,http://bj.58.com/pinpaigongyu/29573990721870x.shtml
【整租】西二旗 高教大楼五区 1室0厅,700元/月,龙博苑二区,http://bj.58.com/pinpaigongyu/29580097490870x.shtml
【整租】上地 高教大楼五区 1室0厅,700元/月,高教大楼五区,http://bj.58.com/pinpaigongyu/29647380913844x.shtml
【整租】沙河 高教大楼 1室0厅,700元/月,高教大楼五区,http://bj.58.com/pinpaigongyu/29581137448745x.shtml
【整租】西二旗 高教大楼五区 1室0厅,700元/月,高教大楼,http://bj.58.com/pinpaigongyu/29647034152134x.shtml
【整租】沙河 高教大楼 1室0厅,700元/月,孙王场小区,http://bj.58.com/pinpaigongyu/29295817452081x.shtml
【合租】梨园 葛布店东里 4室次卧,700元/月,龙泽大厦,http://bj.58.com/pinpaigongyu/29281531715388x.shtml
【整租】西二旗 西二旗 1室0厅,699元/月,兆丰家园西区,http://bj.58.com/pinpaigongyu/28588833383749x.shtml
【整租】上地 上地东里 1室0厅,699元/月,北街家园六区,http://bj.58.com/pinpaigongyu/28176447071424x.shtml
【整租】沙河 沙河高教园 1室0厅,700元/月,高教大楼五区,http://bj.58.com/pinpaigongyu/29315227313338x.shtml
【整租】上地 上地西里 1室0厅,699元/月,环保嘉苑,http://bj.58.com/pinpaigongyu/28208984114880x.shtml
【整租】沙河 生命科学园 1室0厅,699元/月,高教大楼,http://bj.58.com/pinpaigongyu/28164832956599x.shtml
【合租】梨园 小街之春嘉园 4室次卧,650元/月,上地西里,http://bj.58.com/pinpaigongyu/29550439020101x.shtml
【整租】沙河 巩华城公寓 1室0厅,699元/月,首创悦蓉汇,http://bj.58.com/pinpaigongyu/28208938402491x.shtml
【整租】龙泽 龙泽苑 1室0厅,699元/月,西二旗,http://bj.58.com/pinpaigongyu/28607440153006x.shtml
【整租】西二旗 高教大楼五区 1室0厅,700元/月,上地东里,http://bj.58.com/pinpaigongyu/29647034152134x.shtml
【整租】上地 上地佳园 1室0厅,700元/月,高教大楼五区,http://bj.58.com/pinpaigongyu/29658292804545x.shtml
【整租】沙河 高教大楼 1室0厅,750元/月,育新花园,http://bj.58.com/pinpaigongyu/29602917778858x.shtml
【整租】西二旗 高教大楼五区 1室0厅,750元/月,高教大楼,http://bj.58.com/pinpaigongyu/29658369383348x.shtml
【整租】朝阳公园 京东水乡公寓 1室0厅,1000元/月,西二旗小区,http://bj.58.com/pinpaigongyu/29636929065404x.shtml
【整租】沙河 高教大楼 1室0厅,700元/月,高教大楼五区,http://bj.58.com/pinpaigongyu/29573991585477x.shtml
【整租】西二旗 西二旗小区 1室0厅,699元/月,上地佳园,http://bj.58.com/pinpaigongyu/29562142642125x.shtml
【整租】沙河 高教大楼 1室0厅,700元/月,高教大楼五区,http://bj.58.com/pinpaigongyu/29638216868023x.shtml
【整租】沙河 高教大楼 1室0厅,750元/月,巩华家园,http://bj.58.com/pinpaigongyu/29603014141264x.shtml
【整租】常营 京东水乡公寓 1室0厅,900元/月,西二旗小区,http://bj.58.com/pinpaigongyu/29426468771881x.shtml
【整租】沙河 高教大楼 1室0厅,700元/月,颐和山庄云锦园,http://bj.58.com/pinpaigongyu/29315207288516x.shtml
【整租】回龙观 回龙观城北 1室0厅,699元/月,北杨洼小区,http://bj.58.com/pinpaigongyu/28175941196739x.shtml
【整租】天竺 花梨坎 1室0厅,600元/月,高教大楼五区,http://bj.58.com/pinpaigongyu/29638107888425x.shtml
【合租】梨园 映翠居小区 2室主卧,800元/月,朱辛庄新区,http://bj.58.com/pinpaigongyu/29646834507594x.shtml
【整租】龙泽 龙泽苑 1室0厅,699元/月,南邵,http://bj.58.com/pinpaigongyu/28188600085676x.shtml
【整租】沙河 北街家园六区 1室0厅,699元/月,梨园小镇,http://bj.58.com/pinpaigongyu/28588814222276x.shtml
【整租】沙河 高教大楼 1室0厅,700元/月,方恒东景,http://bj.58.com/pinpaigongyu/29539634108845x.shtml
【整租】沙河 南邵 1室0厅,699元/月,高教大楼,http://bj.58.com/pinpaigongyu/28243884756942x.shtml
【合租】乔庄 乔庄西区 4室次卧,950元/月,佳和宜园,http://bj.58.com/pinpaigongyu/29381338061102x.shtml
【整租】沙河 南邵 1室0厅,699元/月,高教大楼,http://bj.58.com/pinpaigongyu/28231244374065x.shtml
【整租】国贸 京东水乡公寓 1室0厅,1000元/月,高教大楼五区,http://bj.58.com/pinpaigongyu/29536422446526x.shtml
【合租】呼家楼 水乡公寓1 1室主卧,900元/月,西二旗小区,http://bj.58.com/pinpaigongyu/29381903508808x.shtml
【整租】西三旗 育新花园 1室0厅,700元/月,沙河高教园,http://bj.58.com/pinpaigongyu/29639051223598x.shtml
【整租】沙河 高教大楼 1室0厅,700元/月,高教大楼五区,http://bj.58.com/pinpaigongyu/29603077738429x.shtml
【整租】西二旗 沙河高教园 1室0厅,700元/月,高教大楼五区,http://bj.58.com/pinpaigongyu/29658071217353x.shtml
【整租】西二旗 高教大楼五区 1室0厅,700元/月,朱辛庄地铁口旁公,http://bj.58.com/pinpaigongyu/29646551341246x.shtml
【整租】西二旗 高教大楼五区 1室0厅,700元/月,高教大楼五区,http://bj.58.com/pinpaigongyu/29636438399665x.shtml
【整租】西二旗 高教大楼五区 1室0厅,700元/月,高教大楼,http://bj.58.com/pinpaigongyu/29657728201663x.shtml
【整租】上地 上地七街 1室0厅,699元/月,水乡公寓,http://bj.58.com/pinpaigongyu/29591569342271x.shtml
【整租】西二旗 西二旗公寓 1室0厅,700元/月,朱辛庄新区,http://bj.58.com/pinpaigongyu/29574061173310x.shtml
【整租】沙河 高教大楼 1室0厅,700元/月,高教大楼,http://bj.58.com/pinpaigongyu/29274352051766x.shtml
【整租】沙河 高教大楼 1室0厅,700元/月,上地东里,http://bj.58.com/pinpaigongyu/29481285479983x.shtml
【整租】回龙观 朱辛庄新区 1室0厅,699元/月,夏霖园,http://bj.58.com/pinpaigongyu/28175814141645x.shtml
【整租】沙河 高教大楼 1室0厅,700元/月,永丰嘉园,http://bj.58.com/pinpaigongyu/29295776522430x.shtml
【整租】回龙观 融泽嘉园二号院 1室0厅,820元/月,朱辛庄新区,http://bj.58.com/pinpaigongyu/29381265470524x.shtml
【整租】沙河 高教大楼 1室1厅,800元/月,燕尚园,http://bj.58.com/pinpaigongyu/29208152296622x.shtml
【整租】西二旗 西二旗小区 1室0厅,699元/月,高教大楼五区,http://bj.58.com/pinpaigongyu/28164818732865x.shtml
【整租】沙河 高教大楼 1室0厅,800元/月,西二旗小区,http://bj.58.com/pinpaigongyu/29206588217038x.shtml
【合租】梨园 云景里 3室主卧,900元/月,巩华城站,http://bj.58.com/pinpaigongyu/29339705523395x.shtml
【整租】沙河 高教大楼 1室0厅,700元/月,云景西里南区,http://bj.58.com/pinpaigongyu/29282212931786x.shtml
【整租】西二旗 高教大楼五区 1室0厅,700元/月,高教大楼五区,http://bj.58.com/pinpaigongyu/29646791918644x.shtml
【整租】沙河 高教大楼 1室0厅,750元/月,高教大楼,http://bj.58.com/pinpaigongyu/29592106895031x.shtml
【整租】沙河 高教大楼 1室0厅,700元/月,水乡公寓,http://bj.58.com/pinpaigongyu/29671728477514x.shtml
【整租】上地 上地七街 1室0厅,699元/月,朱辛庄新区,http://bj.58.com/pinpaigongyu/29580602054829x.shtml
【整租】西二旗 西二旗铭科苑 1室0厅,700元/月,观音寺南里,http://bj.58.com/pinpaigongyu/29625111127087x.shtml
【整租】沙河 高教大楼 1室0厅,750元/月,高教大楼,http://bj.58.com/pinpaigongyu/29591908456883x.shtml
【整租】西二旗 高教大楼五区 1室0厅,700元/月,西小口91号院,http://bj.58.com/pinpaigongyu/29658220801605x.shtml
【合租】次渠 敬园小区 3室次卧,730元/月,高教大楼五区,http://bj.58.com/pinpaigongyu/29525333559376x.shtml
【整租】西二旗 高教大楼五区 1室0厅,700元/月,上地三街,http://bj.58.com/pinpaigongyu/29624911843127x.shtml
【整租】沙河 高教大楼 1室0厅,750元/月,高教大楼五区,http://bj.58.com/pinpaigongyu/29573980762547x.shtml
【整租】沙河 高教大楼 1室0厅,700元/月,回龙观新村,http://bj.58.com/pinpaigongyu/29370851255871x.shtml
【合租】乔庄 乔庄西区 3室次卧,950元/月,丰润佳园,http://bj.58.com/pinpaigongyu/29658295293763x.shtml
【整租】沙河 北街家园五区 1室1厅,700元/月,巩华城站,http://bj.58.com/pinpaigongyu/29194039311415x.shtml
【整租】温泉 福溪家园 1室0厅,1000元/月,永丰嘉园,http://bj.58.com/pinpaigongyu/29593352405687x.shtml
【合租】梨园 云景西里南区 2室次卧,700元/月,环保嘉苑,http://bj.58.com/pinpaigongyu/29639406119212x.shtml
【整租】沙河 高教大楼 1室0厅,700元/月,高教大楼,http://bj.58.com/pinpaigongyu/29282219544116x.shtml
【整租】沙河 北街家园 1室0厅,700元/月,梨园东里,http://bj.58.com/pinpaigongyu/29174736135631x.shtml
【整租】西二旗 领秀硅谷 1室0厅,699元/月,西二旗,http://bj.58.com/pinpaigongyu/28199884927416x.shtml
【整租】万泉河 颐丰庄园 1室0厅,1000元/月,西二旗,http://bj.58.com/pinpaigongyu/29596687410223x.shtml
【整租】回龙观 朱辛庄新村 1室0厅,699元/月,智学苑,http://bj.58.com/pinpaigongyu/28154294691018x.shtml
【整租】西二旗 西二旗小区 1室0厅,699元/月,高教大楼五区,http://bj.58.com/pinpaigongyu/29591740522683x.shtml
【整租】沙河 高教大楼 1室0厅,750元/月,水乡公寓2,http://bj.58.com/pinpaigongyu/29574010455105x.shtml
【整租】五道口 高教大楼五区 1室0厅,700元/月,朱辛庄新区,http://bj.58.com/pinpaigongyu/29657766785219x.shtml
【整租】沙河 高教大楼 1室0厅,700元/月,高教大楼五区,http://bj.58.com/pinpaigongyu/29581162084684x.shtml
【整租】沙河 高教大楼 1室0厅,700元/月,水乡公寓,http://bj.58.com/pinpaigongyu/29636416459342x.shtml
【整租】回龙观 龙博苑二区 4室1厅,900元/月,高教大楼五区,http://bj.58.com/pinpaigongyu/29604429190697x.shtml
【整租】上地 北街家园五区 1室0厅,799元/月,高教大楼,http://bj.58.com/pinpaigongyu/29583574088495x.shtml
【整租】五道口 五道口嘉园 1室0厅,699元/月,高教大楼五区,http://bj.58.com/pinpaigongyu/29591770905926x.shtml
【整租】西二旗 高教大楼五区 1室0厅,750元/月,朱辛庄新区,http://bj.58.com/pinpaigongyu/29592075615418x.shtml
【整租】回龙观 朱辛庄新区 1室0厅,700元/月,高教大楼五区,http://bj.58.com/pinpaigongyu/29658111337786x.shtml
【合租】梨园 云景西里 4室主卧,1000元/月,玉桥西路66号院,http://bj.58.com/pinpaigongyu/29647185811536x.shtml
【整租】沙河 高教大楼 1室0厅,700元/月,兆丰家园西区,http://bj.58.com/pinpaigongyu/29481473009349x.shtml
【整租】沙河 朱辛庄附近精装公 1室0厅,700元/月,高教大楼,http://bj.58.com/pinpaigongyu/28580594291267x.shtml
【整租】沙河 沙河8号公寓 1室0厅,750元/月,颐丰庄园,http://bj.58.com/pinpaigongyu/29274355108797x.shtml
【整租】梨园 云景里 4室1厅,950元/月,孙王场小区,http://bj.58.com/pinpaigongyu/29381411534257x.shtml
【合租】果园 葵花社 2室次卧,600元/月,云景西里,http://bj.58.com/pinpaigongyu/29671716862635x.shtml
【整租】沙河 北街家园五区 1室1厅,700元/月,巩华城站,http://bj.58.com/pinpaigongyu/29194068331329x.shtml
【整租】回龙观 朱辛庄 1室0厅,699元/月,孙王场小区,http://bj.58.com/pinpaigongyu/28454197022379x.shtml
【整租】西北旺 永旺家园 1室0厅,1000元/月,朱辛庄,http://bj.58.com/pinpaigongyu/29603749220944x.shtml
【整租】沙河 高教大楼 1室0厅,700元/月,北街家园,http://bj.58.com/pinpaigongyu/29481418631230x.shtml
【整租】回龙观 朱辛庄新区 1室0厅,700元/月,高教大楼,http://bj.58.com/pinpaigongyu/29639093070524x.shtml
【整租】沙河 高教大楼 1室0厅,700元/月,育新花园,http://bj.58.com/pinpaigongyu/29658005843659x.shtml
【整租】十里堡 京东水乡公寓 1室0厅,1000元/月,永泰庄23号院,http://bj.58.com/pinpaigongyu/29526647671610x.shtml
【整租】西二旗 西二旗铭科苑 1室0厅,700元/月,高教大楼五区,http://bj.58.com/pinpaigongyu/29658556844331x.shtml
【整租】西二旗 西二旗小区 1室0厅,700元/月,巩华城站,http://bj.58.com/pinpaigongyu/29625062429509x.shtml
【整租】西二旗 高教大楼五区 1室0厅,700元/月,高教大楼,http://bj.58.com/pinpaigongyu/29581240545735x.shtml
【整租】上地 高教大楼五区 1室0厅,700元/月,京东水乡公寓,http://bj.58.com/pinpaigongyu/29647368642378x.shtml
【整租】西二旗 高教大楼五区 1室0厅,700元/月,高教大楼五区,http://bj.58.com/pinpaigongyu/29580066264777x.shtml
【整租】沙河 高教大楼 1室0厅,700元/月,高教大楼五区,http://bj.58.com/pinpaigongyu/29636429407428x.shtml
【整租】呼家楼 京东水乡公寓 1室0厅,1000元/月,西二旗小区,http://bj.58.com/pinpaigongyu/29536572170666x.shtml
【整租】回龙观 回龙观 1室0厅,699元/月,颐和山庄紫霄园,http://bj.58.com/pinpaigongyu/28187067686224x.shtml
【整租】回龙观 朱辛庄新区 1室0厅,699元/月,高教大楼,http://bj.58.com/pinpaigongyu/28187089523919x.shtml
【整租】梨园 梨园东里北区 4室1厅,600元/月,泰和宜园,http://bj.58.com/pinpaigongyu/29384134773166x.shtml
【整租】西二旗 智学苑 1室0厅,699元/月,广悦居,http://bj.58.com/pinpaigongyu/28166504086976x.shtml
【整租】上地 千秋家园 1室0厅,1000元/月,高教大楼,http://bj.58.com/pinpaigongyu/29593621191879x.shtml
【整租】沙河 高教大楼 1室0厅,799元/月,巩华城站,http://bj.58.com/pinpaigongyu/29208149881793x.shtml
【整租】沙河 高教大楼 1室0厅,700元/月,生命科学园,http://bj.58.com/pinpaigongyu/29315133491910x.shtml
【整租】回龙观 回龙观 1室0厅,699元/月,高教大楼,http://bj.58.com/pinpaigongyu/28554792080049x.shtml
【合租】九棵树 北杨洼小区 2室主卧,950元/月,高教大楼,http://bj.58.com/pinpaigongyu/29426257839808x.shtml
【整租】沙河 高教大楼 1室0厅,700元/月,高教大楼,http://bj.58.com/pinpaigongyu/29174728800189x.shtml
【整租】西三旗 育新花园 1室0厅,700元/月,高教大楼,http://bj.58.com/pinpaigongyu/29602678844215x.shtml
【整租】西三旗 西三旗东一里 1室0厅,700元/月,高教大楼,http://bj.58.com/pinpaigongyu/29602602852531x.shtml
【整租】西二旗 高教大楼五区 1室0厅,700元/月,高教大楼五区,http://bj.58.com/pinpaigongyu/29646773759688x.shtml
【整租】沙河 高教大楼 1室0厅,750元/月,西二旗小区,http://bj.58.com/pinpaigongyu/29581769156410x.shtml
【整租】沙河 北街家园五区 1室0厅,699元/月,高教大楼五区,http://bj.58.com/pinpaigongyu/29583531622442x.shtml
【合租】回龙观 龙博苑二区 3室次卧,950元/月,高教大楼五区,http://bj.58.com/pinpaigongyu/29593197107121x.shtml
【整租】沙河 高教大楼 1室0厅,699元/月,龙博苑二区,http://bj.58.com/pinpaigongyu/29569395383368x.shtml
【整租】西二旗 高教大楼五区 1室0厅,700元/月,高教大楼五区,http://bj.58.com/pinpaigongyu/29639028300590x.shtml
【整租】朝青板块 水乡公寓 1室0厅,900元/月,高教大楼五区,http://bj.58.com/pinpaigongyu/29426584522926x.shtml
【整租】西二旗 高教大楼五区 1室0厅,750元/月,高教大楼,http://bj.58.com/pinpaigongyu/29569443633596x.shtml
【整租】沙河 高教大楼 1室0厅,700元/月,孙王场小区,http://bj.58.com/pinpaigongyu/29274353832382x.shtml
【整租】梨园 新城嘉园 3室1厅,850元/月,龙泽大厦,http://bj.58.com/pinpaigongyu/29381470488501x.shtml
【整租】西二旗 智学苑 1室0厅,699元/月,兆丰家园西区,http://bj.58.com/pinpaigongyu/28154251189827x.shtml
【整租】梨园 桃花岛 3室1厅,1000元/月,北街家园六区,http://bj.58.com/pinpaigongyu/29359717434055x.shtml
【整租】沙河 高教大楼 1室0厅,700元/月,高教大楼五区,http://bj.58.com/pinpaigongyu/29360126498117x.shtml
【整租】西二旗 西二旗小区 1室0厅,699元/月,环保嘉苑,http://bj.58.com/pinpaigongyu/28186917999302x.shtml
【合租】梨园 葛布店东里 3室次卧,900元/月,高教大楼,http://bj.58.com/pinpaigongyu/29281561635664x.shtml
【整租】回龙观 朱辛庄新区 1室0厅,699元/月,上地西里,http://bj.58.com/pinpaigongyu/28231177810987x.shtml
【整租】沙河 高教大楼 1室0厅,700元/月,首创悦蓉汇,http://bj.58.com/pinpaigongyu/29217399846580x.shtml
【整租】沙河 沙河高教园 1室0厅,700元/月,西二旗,http://bj.58.com/pinpaigongyu/29437168574267x.shtml
【整租】霍营 霍营公寓 1室0厅,700元/月,上地东里,http://bj.58.com/pinpaigongyu/29574109511614x.shtml
【合租】回龙观 龙博苑二区 3室次卧,900元/月,高教大楼五区,http://bj.58.com/pinpaigongyu/29624522495422x.shtml
【合租】北七家 白各庄新村 4室次卧,999元/月,育新花园,http://bj.58.com/pinpaigongyu/29404273632052x.shtml
【整租】西二旗 高教大楼五区 1室0厅,700元/月,高教大楼,http://bj.58.com/pinpaigongyu/29638262738628x.shtml
【整租】沙河 高教大楼 1室0厅,700元/月,西二旗小区,http://bj.58.com/pinpaigongyu/29638246494157x.shtml
【整租】回龙观 朱辛庄新区 1室0厅,700元/月,高教大楼五区,http://bj.58.com/pinpaigongyu/29639006773953x.shtml
【整租】五道口 五道口地质大学新 1室0厅,700元/月,上地佳园,http://bj.58.com/pinpaigongyu/29639066072396x.shtml
【整租】西二旗 高教大楼五区 1室0厅,700元/月,高教大楼五区,http://bj.58.com/pinpaigongyu/29647323604040x.shtml
【合租】回龙观 龙博苑二区 3室次卧,900元/月,巩华家园,http://bj.58.com/pinpaigongyu/29624507079732x.shtml
【整租】东坝 水乡公寓2 1室0厅,900元/月,西二旗小区,http://bj.58.com/pinpaigongyu/29251923289667x.shtml
【整租】沙河 高教大楼 1室0厅,700元/月,颐和山庄云锦园,http://bj.58.com/pinpaigongyu/29481815025602x.shtml
【整租】沙河 高教大楼 1室0厅,700元/月,北杨洼小区,http://bj.58.com/pinpaigongyu/29481406772925x.shtml
【整租】九棵树 北杨洼小区 2室1厅,950元/月,高教大楼五区,http://bj.58.com/pinpaigongyu/29613791420212x.shtml
【合租】九棵树 北杨洼小区 1室次卧,900元/月,朱辛庄新区,http://bj.58.com/pinpaigongyu/29647230990645x.shtml
【整租】沙河 高教大楼 1室0厅,700元/月,南邵,http://bj.58.com/pinpaigongyu/29513951861039x.shtml
【整租】回龙观 回龙观城北 1室0厅,699元/月,梨园小镇,http://bj.58.com/pinpaigongyu/28155043838413x.shtml
【整租】沙河 南邵 1室0厅,699元/月,方恒东景,http://bj.58.com/pinpaigongyu/28497519679047x.shtml
【整租】回龙观 回龙观城北 1室0厅,699元/月,高教大楼,http://bj.58.com/pinpaigongyu/28209189600461x.shtml
【整租】沙河 高教大楼 1室0厅,700元/月,佳和宜园,http://bj.58.com/pinpaigongyu/29513946285130x.shtml
【合租】梨园 梨园北小区 4室次卧,900元/月,高教大楼,http://bj.58.com/pinpaigongyu/29639450504889x.shtml
【整租】沙河 兆丰家园东区 1室0厅,699元/月,上地佳园,http://bj.58.com/pinpaigongyu/29573865516849x.shtml
【整租】西二旗 高教大楼五区 1室0厅,700元/月,高教大楼五区,http://bj.58.com/pinpaigongyu/29603046650448x.shtml
【整租】沙河 高教大楼 1室0厅,700元/月,高教大楼,http://bj.58.com/pinpaigongyu/29603031320908x.shtml
【整租】西二旗 高教大楼五区 1室0厅,699元/月,西三旗东一里,http://bj.58.com/pinpaigongyu/29591866993582x.shtml
【整租】西二旗 西二旗公寓 1室0厅,700元/月,高教大楼五区,http://bj.58.com/pinpaigongyu/29573943839289x.shtml
【整租】沙河 高教大楼 1室0厅,700元/月,京东水乡公寓,http://bj.58.com/pinpaigongyu/29647416548413x.shtml
【整租】西二旗 高教大楼五区 1室0厅,699元/月,朱辛庄新区,http://bj.58.com/pinpaigongyu/29573985132467x.shtml
【整租】沙河 高教大楼 1室0厅,700元/月,西二旗铭科苑,http://bj.58.com/pinpaigongyu/29561918226490x.shtml
【整租】上地 上地东里 1室0厅,700元/月,高教大楼五区,http://bj.58.com/pinpaigongyu/29639014836295x.shtml
【整租】西二旗 高教大楼五区 1室0厅,699元/月,高教大楼五区,http://bj.58.com/pinpaigongyu/29581838761802x.shtml
【整租】沙河 北街家园五区 1室1厅,700元/月,杨家洼小区,http://bj.58.com/pinpaigongyu/29194050673349x.shtml
【整租】沙河 巩华城站 1室0厅,699元/月,百旺茉莉园一期,http://bj.58.com/pinpaigongyu/29304758430510x.shtml
【合租】果园 翠屏北里东区 2室次卧,800元/月,花梨坎,http://bj.58.com/pinpaigongyu/29407341736504x.shtml
【整租】沙河 北街家园五区 1室0厅,699元/月,兆丰家园附近公寓,http://bj.58.com/pinpaigongyu/28175787853898x.shtml
【整租】沙河 高教大楼 1室0厅,700元/月,高教大楼,http://bj.58.com/pinpaigongyu/29295883246151x.shtml
【整租】沙河 朱辛庄 1室0厅,699元/月,景欣园,http://bj.58.com/pinpaigongyu/28554755950285x.shtml
【合租】九棵树 景欣园 2室主卧,1000元/月,葵花社,http://bj.58.com/pinpaigongyu/29671598941497x.shtml
【整租】沙河 北街家园 1室1厅,699元/月,南邵,http://bj.58.com/pinpaigongyu/28155027939917x.shtml
【整租】沙河 高教大楼 1室0厅,700元/月,高教大楼,http://bj.58.com/pinpaigongyu/29514879247431x.shtml
【合租】土桥 太玉园东区 4室次卧,900元/月,保利西山林语,http://bj.58.com/pinpaigongyu/29381278076604x.shtml
【整租】东坝 水乡公寓2 1室0厅,800元/月,高教大楼五区,http://bj.58.com/pinpaigongyu/29241256879284x.shtml
【整租】上地 上地东里三区 1室0厅,700元/月,西二旗小区,http://bj.58.com/pinpaigongyu/29602622257212x.shtml
【整租】上地 高教大楼五区 1室0厅,700元/月,沙河高教园,http://bj.58.com/pinpaigongyu/29646692175818x.shtml
【整租】五道口 五道口地质大学新 1室0厅,700元/月,高教大楼五区,http://bj.58.com/pinpaigongyu/29658284107701x.shtml
【整租】西三旗 育新花园 1室0厅,699元/月,高教大楼五区,http://bj.58.com/pinpaigongyu/29591845812282x.shtml
【整租】沙河 高教大楼 1室0厅,750元/月,朱辛庄地铁口旁公,http://bj.58.com/pinpaigongyu/29592002853935x.shtml
【合租】回龙观 龙博苑二区 3室次卧,900元/月,高教大楼五区,http://bj.58.com/pinpaigongyu/29624553707961x.shtml
【合租】北七家 宏福苑小区 3室次卧,999元/月,高教大楼,http://bj.58.com/pinpaigongyu/29470215341135x.shtml
【整租】沙河 高教大楼 1室0厅,750元/月,水乡公寓,http://bj.58.com/pinpaigongyu/29647440043961x.shtml
【整租】回龙观 朱辛庄新区 1室0厅,700元/月,朱辛庄新区,http://bj.58.com/pinpaigongyu/29647319030444x.shtml
【整租】西二旗 西二旗 1室0厅,699元/月,高教大楼,http://bj.58.com/pinpaigongyu/28575681054528x.shtml
【合租】龙泽 融泽嘉园2号院 3室主卧,950元/月,上地东里,http://bj.58.com/pinpaigongyu/29646778908340x.shtml
【整租】沙河 生命科学园 1室0厅,699元/月,夏霖园,http://bj.58.com/pinpaigongyu/28155568841927x.shtml
【整租】西二旗 西二旗 1室0厅,699元/月,永丰嘉园,http://bj.58.com/pinpaigongyu/28156882694348x.shtml
【整租】沙河 高教大楼 1室0厅,700元/月,朱辛庄新区,http://bj.58.com/pinpaigongyu/29539622495665x.shtml
【整租】沙河 高教大楼 1室0厅,700元/月,燕尚园,http://bj.58.com/pinpaigongyu/29437286016201x.shtml
【整租】梨园 梨花园 3室1厅,1000元/月,高教大楼五区,http://bj.58.com/pinpaigongyu/29639689823036x.shtml
【整租】沙河 生命科学园 1室0厅,699元/月,西二旗小区,http://bj.58.com/pinpaigongyu/28231255220138x.shtml
【整租】万泉河 颐丰庄园 1室0厅,1000元/月,巩华城站,http://bj.58.com/pinpaigongyu/29596699567019x.shtml
【合租】亚运村小营 育慧西里 4室次卧,1000元/月,云景西里南区,http://bj.58.com/pinpaigongyu/29427425114172x.shtml
【整租】西二旗 高教大楼五区 1室0厅,700元/月,高教大楼五区,http://bj.58.com/pinpaigongyu/29646582176564x.shtml
【整租】沙河 高教大楼 1室0厅,750元/月,高教大楼,http://bj.58.com/pinpaigongyu/29592155700934x.shtml
【整租】沙河 高教大楼 1室0厅,700元/月,水乡公寓,http://bj.58.com/pinpaigongyu/29561980218804x.shtml
【整租】西二旗 高教大楼五区 1室0厅,750元/月,朱辛庄新区,http://bj.58.com/pinpaigongyu/29602947803713x.shtml
【整租】五道口 高教大楼五区 1室0厅,700元/月,观音寺南里,http://bj.58.com/pinpaigongyu/29647507024810x.shtml
【整租】西二旗 高教大楼五区 1室0厅,700元/月,高教大楼,http://bj.58.com/pinpaigongyu/29657715051069x.shtml
【合租】回龙观 龙博苑二区 3室次卧,900元/月,西小口91号院,http://bj.58.com/pinpaigongyu/29647619389741x.shtml
【整租】西二旗 西二旗小区 1室0厅,700元/月,高教大楼五区,http://bj.58.com/pinpaigongyu/29624974563246x.shtml
【整租】沙河 北街家园一区 1室0厅,699元/月,上地三街,http://bj.58.com/pinpaigongyu/29573823085875x.shtml
【整租】西二旗 高教大楼五区 1室0厅,700元/月,高教大楼五区,http://bj.58.com/pinpaigongyu/29580081510328x.shtml
【整租】回龙观 龙泽大厦 1室0厅,699元/月,回龙观新村,http://bj.58.com/pinpaigongyu/28156917445181x.shtml
【整租】沙河 高教大楼 1室0厅,700元/月,丰润佳园,http://bj.58.com/pinpaigongyu/29250758334770x.shtml
【合租】梨园 梨园东里北区 4室主卧,900元/月,巩华城站,http://bj.58.com/pinpaigongyu/29438149166525x.shtml
【整租】西北旺 宏丰西路1号院 1室0厅,1000元/月,永丰嘉园,http://bj.58.com/pinpaigongyu/29595121159465x.shtml
【整租】回龙观 回龙观城北 1室0厅,699元/月,环保嘉苑,http://bj.58.com/pinpaigongyu/28175860445894x.shtml
【整租】西二旗 高教大楼五区 1室0厅,700元/月,高教大楼,http://bj.58.com/pinpaigongyu/28580643459784x.shtml
【整租】梨园 洼子小区 3室1厅,850元/月,梨园东里,http://bj.58.com/pinpaigongyu/29339761235754x.shtml
【整租】上地 上地三街 1室0厅,699元/月,西二旗,http://bj.58.com/pinpaigongyu/29591556847933x.shtml
【整租】沙河 北街家园五区 1室0厅,699元/月,西二旗,http://bj.58.com/pinpaigongyu/29562181005114x.shtml
【整租】上地 上地东里 1室0厅,699元/月,智学苑,http://bj.58.com/pinpaigongyu/29591721761587x.shtml
【整租】东坝 水乡公寓 1室0厅,900元/月,高教大楼五区,http://bj.58.com/pinpaigongyu/29503188224314x.shtml
【整租】西二旗 西二旗小区 1室0厅,699元/月,水乡公寓2,http://bj.58.com/pinpaigongyu/29573855074615x.shtml
【整租】西三旗 育新花园 1室0厅,700元/月,朱辛庄新区,http://bj.58.com/pinpaigongyu/29638952432174x.shtml
【合租】北七家 白各庄新村 3室次卧,960元/月,高教大楼五区,http://bj.58.com/pinpaigongyu/29570578384699x.shtml
【整租】清河 高教大楼五区 1室0厅,700元/月,水乡公寓,http://bj.58.com/pinpaigongyu/29657743294010x.shtml
【整租】朝青板块 水乡公寓 1室0厅,900元/月,高教大楼五区,http://bj.58.com/pinpaigongyu/29449067165903x.shtml
【整租】西二旗 高教大楼五区 1室0厅,700元/月,高教大楼,http://bj.58.com/pinpaigongyu/29647386547140x.shtml
【整租】西二旗 高教大楼五区 1室0厅,699元/月,高教大楼五区,http://bj.58.com/pinpaigongyu/29580639347521x.shtml
【整租】清河 高教大楼五区 1室0厅,700元/月,朱辛庄新区,http://bj.58.com/pinpaigongyu/29651558703556x.shtml
【整租】西二旗 高教大楼五区 1室0厅,700元/月,高教大楼五区,http://bj.58.com/pinpaigongyu/29646967332533x.shtml
【整租】西二旗 高教大楼五区 1室0厅,700元/月,玉桥西路66号院,http://bj.58.com/pinpaigongyu/29646779925445x.shtml
【整租】常营 水乡公寓1 1室0厅,900元/月,兆丰家园西区,http://bj.58.com/pinpaigongyu/29392279371180x.shtml
【整租】西二旗 西二旗小区 1室0厅,700元/月,高教大楼,http://bj.58.com/pinpaigongyu/29602611279819x.shtml
【整租】沙河 高教大楼 1室0厅,750元/月,颐丰庄园,http://bj.58.com/pinpaigongyu/29602992032592x.shtml
【整租】西二旗 高教大楼五区 1室0厅,700元/月,孙王场小区,http://bj.58.com/pinpaigongyu/29581215379631x.shtml
【合租】回龙观 龙博苑二区 3室次卧,900元/月,云景西里,http://bj.58.com/pinpaigongyu/29648759318480x.shtml
【整租】清河 上地东里五区 1室0厅,700元/月,巩华城站,http://bj.58.com/pinpaigongyu/29602653315247x.shtml
【整租】西二旗 西二旗小区 1室0厅,700元/月,孙王场小区,http://bj.58.com/pinpaigongyu/29638991015481x.shtml
【整租】西二旗 高教大楼五区 1室0厅,750元/月,朱辛庄,http://bj.58.com/pinpaigongyu/29592138422216x.shtml
【整租】十里堡 水乡公寓1 1室0厅,1000元/月,北街家园,http://bj.58.com/pinpaigongyu/29248540417339x.shtml
【整租】西二旗 高教大楼五区 1室0厅,700元/月,高教大楼,http://bj.58.com/pinpaigongyu/29581177781052x.shtml
【整租】回龙观 朱辛庄新区 1室0厅,700元/月,育新花园,http://bj.58.com/pinpaigongyu/29647482029381x.shtml
【整租】西二旗 高教大楼五区 1室0厅,750元/月,永泰庄23号院,http://bj.58.com/pinpaigongyu/29591936030909x.shtml
【整租】东坝 水乡公寓2 1室0厅,800元/月,高教大楼五区,http://bj.58.com/pinpaigongyu/29215470948535x.shtml
【整租】西三旗 育新花园 1室0厅,700元/月,巩华城站,http://bj.58.com/pinpaigongyu/29657660207948x.shtml
【整租】西二旗 高教大楼五区 1室0厅,699元/月,高教大楼,http://bj.58.com/pinpaigongyu/29591530212426x.shtml
【整租】西二旗 高教大楼五区 1室0厅,699元/月,京东水乡公寓,http://bj.58.com/pinpaigongyu/29591796476991x.shtml
【整租】上地 上地佳园 1室0厅,700元/月,高教大楼五区,http://bj.58.com/pinpaigongyu/29658503074116x.shtml
【整租】西三旗 育新花园 1室0厅,700元/月,高教大楼五区,http://bj.58.com/pinpaigongyu/29658511291435x.shtml
【整租】西二旗 高教大楼五区 1室0厅,700元/月,西二旗小区,http://bj.58.com/pinpaigongyu/29580011665855x.shtml
【整租】西二旗 高教大楼五区 1室0厅,699元/月,颐和山庄紫霄园,http://bj.58.com/pinpaigongyu/29591595536190x.shtml
【整租】西二旗 西二旗小区 1室0厅,700元/月,高教大楼,http://bj.58.com/pinpaigongyu/29624920532040x.shtml
【整租】西二旗 高教大楼五区 1室0厅,750元/月,泰和宜园,http://bj.58.com/pinpaigongyu/29602831677761x.shtml
【整租】西二旗 高教大楼五区 1室0厅,700元/月,广悦居,http://bj.58.com/pinpaigongyu/29647233218619x.shtml
【整租】上地 高教大楼五区 1室0厅,700元/月,高教大楼,http://bj.58.com/pinpaigongyu/29646704332092x.shtml
【整租】回龙观 朱辛庄新区 1室0厅,700元/月,巩华城站,http://bj.58.com/pinpaigongyu/29657892810441x.shtml
【整租】西二旗 高教大楼五区 1室0厅,700元/月,生命科学园,http://bj.58.com/pinpaigongyu/29574015052589x.shtml
